Mes;Categoria;Voltaje;Grupo_consumo;Tipo_consumo;Tarifa;Clientes_BOL;MWh_BOL;FACT_BOL;Clientes_EOR;MWh_EOR;FACT_EOR;Clientes_ESM;MWh_ESM;FACT_ESM;Clientes_GYE;MWh_GYE;FACT_GYE;Clientes_GLR;MWh_GLR;FACT_GLR;Clientes_LRS;MWh_LRS;FACT_LRS;Clientes_MAN;MWh_MAN;FACT_MAN;Clientes_MLG;MWh_MLG;FACT_MLG;Clientes_STE;MWh_STE;FACT_STE;Clientes_STD;MWh_STD;FACT_STD;Clientes_SUC;MWh_SUC;FACT_SUC
Jno;General;Baja;Otros;Público;BTCGSD06 (BT / Abonados Especiales con Demanda);0;0;0;0;0;0;0;0;0;0;0;0;0;0;0;0;0;0;0;0;0;0;0;0;0;0;0;0;0;0;0;0;0
Jno;General;Baja;Otros;Público;BTCGSD10 (BT / Abonados Especiales con Demanda Horaria);0;0;0;0;0;0;0;0;0;0;0;0;0;0;0;0;0;0;0;0;0;0;0;0;0;0;0;0;0;0;0;0;0
Jno;Alumbrado Público;Baja;Alumbrado Público;Público;BTAPCD01 (BT / Alumbrado Público);1;1.661,36;129.384,20;1;8.098,42;1.016.258,00;1;4.326,22;166.593,91;1;15.481,61;1.682.885,96;1;8.351,95;1.909.445,34;1;2.683,63;310.297,00;1;12.112,39;858.015,80;1;4.481,49;570.318,82;1;2.900,32;632.763,07;1;6.801,73;791.556,86;1;3.504,39;298.666,94
Jno;General;Baja;Otros;Público;BTCGSD03 (BT / Asistencia Social);80;41,17;2.201,31;166;116,51;6.550,74;116;58,09;3.164,29;68;80,84;7.862,39;115;139,61;8.149,65;71;53,62;3.030,39;163;151,82;8.684,07;57;33,1;1.831,98;40;41,53;2.399,31;127;119,57;6.815,77;128;58,73;3.366,52
Jno;General;Baja;Otros;Público;BTCGCD03 (BT / Asistencia Social con Demanda);2;3,98;332,26;0;0;0;2;3,69;308,8;42;149,8;11.168,57;4;14,5;1.129,89;5;5,55;498,78;4;19,36;1.507,18;10;30,17;2.506,64;0;0;0;0;0;0;3;2,44;195,48
Jno;General;Baja;Otros;Público;NDCGCD01 (BT / Asistencia Social con Demanda Horaria);0;0;0;0;0;0;0;0;0;0;0;0;0;0;0;0;0;0;0;0;0;0;0;0;0;0;0;0;0;0;51;190,89;14.034,11
Jno;General;Baja;Otros;Público;BTCGCD04 (BT / Autoconsumo con Demanda);0;0;0;0;0;0;0;0;0;0;0;0;1;3,6;354,55;0;0;0;0;0;0;0;0;0;0;0;0;0;0;0;0;0;0
Jno;General;Baja;Otros;Público;BTCGSD04 (BT / Beneficio Público);519;58,6;3.390,46;858;295,82;16.607,36;835;161,01;9.066,45;439;334,02;31.188,11;841;315,85;18.032,69;339;113,06;6.525,59;557;252,88;14.528,95;311;121,5;6.822,09;194;111,96;6.388,40;996;232,57;12.820,17;761;126,54;7.082,61
Jno;General;Baja;Otros;Público;BTCGCD05 (BT / Beneficio Público con Demanda);2;5,47;424,05;1;0,77;166,09;5;8,92;838,94;57;221,16;15.942,62;2;4,22;383,65;9;15,39;1.386,98;10;16,88;1.521,35;19;73,79;5.980,83;1;1,98;138,98;0;0;0;8;3,92;519,34
Jno;General;Baja;Otros;Público;BTCGCD20 (BT / Beneficio Público con Demanda Horaria);0;0;0;0;0;0;0;0;0;0;0;0;0;0;0;0;0;0;0;0;0;0;0;0;0;0;0;0;0;0;36;91,14;7.032,66
Jno;General;Baja;Otros;Público;BTCGCD21 (BT / Bombeo de Agua Comunidades Campesinas);0;0;0;5;7,13;288,82;2;2,43;98,76;0;0;0;16;18,33;744,2;15;18,71;759,02;8;5,1;209,4;10;22,26;897,35;0;0;0;9;13,98;565,54;54;31,93;1.315,12
Jno;General;Baja;Otros;Público;BTCGCD06 (BT / Bombeo de Agua con Demanda);7;2,5;349,19;0;0;0;11;12,64;1.138,90;5;30,27;2.734,51;8;12,81;1.138,10;8;17,81;2.015,61;0;0;0;17;118,51;9.765,70;0;0;0;1;0,39;33,36;23;14,24;1.130,60
Jno;General;Baja;Otros;Público;BTCGCD34 (BT / Bombeo de Agua con Demanda Horaria);0;0;0;0;0;0;0;0;0;4;1;141,53;0;0;0;1;0;33,65;0;0;0;0;0;0;0;0;0;0;0;0;18;32,83;3.030,74
Jno;General;Baja;Otros;Público;BTCGSD14 (BT / Bombeo de Agua para Servicio Público de Agua);0;0;0;16;15,96;1.049,10;3;1,55;99,97;43;32,12;2.121,50;3;0,88;59,06;11;25,1;1.655,72;0;0;0;0;0;0;13;21,49;1.408,75;17;10,35;685,14;0;0;0
Jno;General;Baja;Otros;Público;BTCGCD40 (BT / Bombeo de Agua para Servicio Público de Agua con Demanda Horaria);0;0;0;5;6,24;383,82;0;0;0;15;69,57;4.617,90;0;0;0;0;0;0;1;2,99;245,57;0;0;0;0;0;0;0;0;0;79;618,22;40.066,07
Jno;General;Baja;Comercial;Público;BTCGSD01 (BT / Comercial);1;0,05;5,55;18;6,44;660,58;189;101,62;10.353,69;54;45,94;4.775,93;16;8,87;909,9;21;10,88;1.100,65;22;13,31;1.360,11;313;61,04;6.479,70;1;0,64;64,3;52;16,14;1.659,04;16;5,2;529,75
Jno;General;Baja;Comercial;Público;BTCGCD01 (BT / Comercial con Demanda);0;0;0;0;0;0;2;0,47;107,39;5;23,85;2.748,57;4;21,34;2.793,88;3;10,82;1.372,36;0;0;0;2;10,88;1.277,54;0;0;0;0;0;0;3;7,31;791,57
Jno;General;Baja;Comercial;Público;BTCGCD31 (BT / Comercial con Demanda Horaria);0;0;0;0;0;0;0;0;0;0;0;0;0;0;0;0;0;0;0;0;0;0;0;0;0;0;0;0;0;0;3;8,59;820,91
Jno;General;Baja;Otros;Público;BTCGSD09 (BT / Culto Religioso);0;0;0;5;0,78;40,32;4;0,09;8,63;1;0;1,41;1;0,02;2,16;0;0;0;2;1,12;57,18;3;0,5;21,84;1;0,49;24,15;1;0,33;14,04;8;0,3;21,56
Jno;General;Baja;Otros;Público;BTCGCD32 (BT / Culto Religioso con Demanda);0;0;0;0;0;0;0;0;0;0;0;0;0;0;0;0;0;0;0;0;0;0;0;0;0;0;0;0;0;0;0;0;0
Jno;General;Baja;Otros;Público;BTCGSD05 (BT / Entidades Oficiales);354;107,9;10.037,07;989;533,23;49.119,09;390;191,15;17.640,05;1.516;1.076,68;101.128,33;704;658,24;60.506,43;301;202,94;18.659,51;561;399,19;36.667,12;335;215,5;19.851,49;460;635,37;58.701,59;691;485,93;44.651,01;295;127,27;11.710,34
Jno;General;Baja;Otros;Público;BTCGCD07 (BT / Entidades Oficiales con Demanda);11;38,8;4.069,47;0;1,51;121,3;23;40,12;4.107,85;313;822,98;81.669,56;30;167,36;16.830,92;26;65,4;7.095,66;71;172,74;18.357,68;67;278,39;28.171,99;6;20,99;2.105,94;3;7,15;694,55;32;25,41;3.061,46
Jno;General;Baja;Otros;Público;BTCGCD35 (BT / Entidades Oficiales con Demanda Horaria);0;0;0;0;0;0;0;0;0;2;3,71;384,08;0;0;0;0;0;0;7;78,8;7.446,25;0;0;0;0;0;0;0;0;0;215;822,7;79.627,85
Jno;General;Baja;Otros;Público;BTCGCD08 (BT / Escenarios Deportivos con Demanda);0;0;0;0;0;0;4;0,19;85,18;0;0;0;0;0;0;1;1,11;111,13;0;0;0;0;0;0;1;0;85,33;0;0;0;13;6,12;720,63
Jno;General;Baja;Industrial;Público;BTCGSD02 (BT / Industrial Artesanal);0;0;0;0;0;0;0;0;0;0;0;0;0;0;0;0;0;0;0;0;0;0;0;0;1;0,37;29,29;0;0;0;0;0;0
Jno;General;Baja;Industrial;Público;BTCGCD02 (BT / Industrial con Demanda);0;0;0;0;0;0;0;0;0;0;0;0;0;0;0;0;0;0;0;0;0;0;0;0;0;0;0;0;0;0;0;0;0
Jno;General;Baja;Industrial;Público;BTCGCD30 (BT / Industrial con Demanda Horaria);0;0;0;0;0;0;0;0;0;0;0;0;0;0;0;0;0;0;0;0;0;0;0;0;0;0;0;0;0;0;2;7,27;703,43
Jno;Residencial;NO APLICA;Residencial;Público;REFACTRE (Residencial / Refacturaciones y Reliquidaciones);0;0;0;0;0;0;0;23,39;2.398,09;0;0;0;0;0;0;0;0;0;0;0;0;0;0;0;0;0;0;0;0;0;0;0;0
Jno;General;Baja;Otros;Público;BTCGCD09 (BT / Otros con Demanda);0;0;0;0;0;0;0;0;0;0;0;0;0;0;0;0;0;0;0;0;0;0;0;0;0;0;0;0;0;0;0;0;0
Jno;General;Baja;Otros;Público;BTCGCD37 (BT / Autoconsumo con Demana Horaria);0;0;0;0;0;0;0;0;0;0;0;0;0;0;0;0;0;0;0;0;0;0;0;0;0;0;0;0;0;0;0;0;0
Jno;General;Baja;Otros;Público;BTCGCD38 (BT / Otros con Demanda Horaria);0;0;0;0;0;0;0;0;0;0;0;0;0;0;0;0;0;0;0;0;0;0;0;0;0;0;0;0;0;0;0;0;0
Jno;General;Baja;Otros;Público;BTCGSD08 (BT / Otros);0;0;0;0;0;0;0;0;0;0;0;0;0;0;0;0;0;0;0;0;0;0;0;0;0;0;0;0;0;0;0;0;0
Jno;General;Baja;Otros;Público;BTCGSD12 (BT / Escenarios Deportivos);0;0;0;19;2,33;222,96;0;0;0;1;3,67;360,41;1;1,4;128,03;12;3,95;359,38;11;3,78;345,77;2;1,58;142,79;9;2,46;229,37;11;2,03;188,85;6;1,21;114,44
Jno;Residencial;Baja;Residencial;Público;BTCRSD02 (BT / Residencial Temporal);0;0;0;0;0;0;0;0;0;0;0;0;0;0;0;0;0;0;0;0;0;0;0;0;11;1,47;204,72;0;0;0;0;0;0
Jno;General;Baja;Otros;Público;BTCGSD13 (BT / Bombeo de Agua);0;0;0;0;0;0;6;2,81;228,3;1;0,53;40,71;53;59,99;4.927,49;20;11,48;936,16;9;3,66;304,2;72;85,92;7.062,55;0;0;0;25;26,9;2.211,51;0;0;0
Jno;General;Baja;Otros;Público;BTCGCD12 (BT / Ocasional);0;0;0;0;0;0;0;0;0;0;0;0;0;0;0;0;0;0;0;0;0;0;0;0;0;0;0;0;0;0;0;0;0
Jno;General;Baja;Otros;Público;BTCGSD11 (BT / Servicio Comunitario);0;0;0;3;0,23;22,93;3;0,27;26,13;19;6,72;621,05;8;2,78;260,1;0;0;0;0;0;0;0;0;0;0;0;0;1;0;1,41;0;0;0
Jno;General;Baja;Otros;Público;BTCGCD11 (BT / Servicio Comunitario con Demanda);0;0;0;0;0;0;0;0;0;8;15,12;1.607,43;2;2,57;336,88;0;0;0;0;0;0;0;0;0;0;0;0;0;0;0;0;0;0
Jno;General;Baja;Otros;Público;BTCGCD36 (BT / Escenarios Deportivos con Demanda Horaria);0;0;0;0;0;0;0;0;0;0;0;0;0;0;0;0;0;0;0;0;0;0;0;0;0;0;0;0;0;0;5;11,22;1.330,26
Jno;General;Baja;Otros;Público;BTCGCD39 (BT / Servicio Comunitario con Demanda Horaria);0;0;0;0;0;0;0;0;0;0;0;0;0;0;0;0;0;0;0;0;0;0;0;0;0;0;0;0;0;0;0;0;0
Jno;Residencial;Baja;Residencial;Público;BTCRSD01 (BT / Residencial);1;0,4;40,09;532;115,8;12.875,52;505;110,34;12.067,18;208;50,47;5.904,70;215;24,71;2.688,92;83;23,85;2.693,02;256;52,92;5.711,84;113;25,82;2.810,78;115;18,47;2.174,86;108;13,83;1.535,24;0;0;0
Jno;General;Baja;Otros;Público;BTCGCD41 (BT / Vehículos Eléctricos con Demanda Horaria);0;0;0;0;0;0;0;0;0;0;0;0;0;0;0;0;0;0;0;0;0;0;0;0;0;0;0;0;0;0;0;0;0
Jno;General;Media;Otros;Público;MTCGCD05 (MT / Abonados Especiales con Demanda);0;0;0;0;0;0;0;0;0;0;0;0;0;0;0;0;0;0;0;0;0;0;0;0;0;0;0;0;0;0;0;0;0
Jno;General;Media;Otros;Público;MTCGCD06 (MT / Abonados Especiales con Demanda Horaria);0;0;0;0;0;0;0;0;0;0;0;0;0;0;0;0;0;0;0;0;0;0;0;0;0;0;0;0;0;0;0;0;0
Jno;General;Media;Otros;Público;MTCGCD07 (MT / Asistencia Social con Demanda);14;111,47;8.745,78;18;26,73;2.186,02;18;115,25;8.892,75;31;485,33;34.879,16;23;456,62;34.290,06;25;290,41;21.870,79;57;162,38;13.153,92;12;248,96;18.102,63;10;361,5;25.864,47;16;130,6;9.848,91;0;0;0
Jno;General;Media;Otros;Público;MTCGCD08 (MT / Asistencia Social con Demanda Horaria);0;0;0;38;1.465,75;98.670,34;10;852,29;56.908,05;20;5.703,67;346.722,84;4;607,75;40.259,51;2;453,16;30.744,57;33;2.439,83;161.937,62;1;292,74;19.147,97;0;0;0;10;694,29;46.392,20;7;208,26;14.224,74
Jno;General;Media;Otros;Público;MTCGCD09 (MT / Beneficio Público con Demanda);35;130,53;10.006,20;36;58,98;4.546,64;56;325,17;27.019,93;63;1.388,58;98.295,26;42;448,53;36.162,81;34;145;11.908,47;210;488,93;41.195,10;16;123,65;10.094,45;15;75,45;5.869,93;34;183,33;14.102,31;0;0;0
Jno;General;Media;Otros;Público;MTCGCD10 (MT / Beneficio Público con Demanda Horaria);0;0;0;46;558,41;42.350,85;5;49,23;3.612,85;21;2.011,28;128.877,95;4;41,16;2.921,44;2;28,8;2.331,33;19;1.051,97;77.574,17;0;0;0;0;0;0;3;57,73;4.229,72;10;90,54;6.222,55
Jno;General;Media;Otros;Público;MTCGCD30 (MT / Bombeo de agua comunidades campesinas);0;0;0;0;0;0;0;0;0;0;0;0;2;0,41;17,9;0;0;0;0;0;0;0;0;0;2;19,46;779,83;0;0;0;0;0;0
Jno;General;Media;Otros;Público;MTCGCD11 (MT / Bombeo de Agua con Demanda);0;0;0;2;0,1;61,41;31;140,35;13.279,21;2;21,08;1.279,14;166;1.215,88;99.580,11;90;1.130,66;88.794,09;36;60,31;5.315,62;49;1.481,32;106.454,75;4;23,9;1.971,74;32;265,61;20.841,36;0;0;0
Jno;General;Media;Otros;Público;MTCGCD12 (MT / Bombeo de Agua con Demanda Horaria);0;0;0;1;37,24;2.456,92;4;192,18;15.866,42;5;1.223,91;73.071,85;8;65,95;6.497,94;1;45,38;2.985,28;46;520,82;40.498,13;1;28,62;1.891,49;2;735,71;47.312,01;0;0;0;3;19,08;2.442,82
Jno;General;Media;Comercial;Público;MTCGCD01 (MT / Comercial con Demanda);0;0;0;0;0;0;8;21,82;2.575,05;5;65,93;7.048,31;12;105,26;12.047,65;6;23,33;2.616,95;23;265,05;29.555,34;20;366,27;41.394,10;0;0;0;2;9,73;1.057,71;0;0;0
Jno;General;Media;Comercial;Público;MTCGCD02 (MT / Comercial con Demanda Horaria);0;0;0;0;0;0;0;0;0;0;0;0;1;0,01;31,73;1;56,66;5.484,57;8;169,73;17.119,96;0;0;0;0;0;0;0;0;0;0;0;0
Jno;General;Media;Otros;Público;MTCGCD13 (MT / Entidades Oficiales Con Demanda);97;197,94;18.156,94;206;346,86;32.776,84;173;1.117,54;103.556,84;210;3.480,48;266.138,26;292;2.010,09;174.600,57;135;678,18;65.807,60;510;1.585,87;148.308,60;37;484,14;42.677,01;139;1.440,82;131.301,11;123;669,35;61.113,86;0;0;0
Jno;General;Media;Otros;Público;MTCGCD14 (MT / Entidades Oficiales Con Demanda Horaria);0;0;0;159;1.953,23;158.663,02;15;1.032,08;85.288,48;126;7.006,92;481.818,44;9;145,94;13.692,82;6;135,91;10.386,96;119;2.388,03;191.026,24;1;137,19;10.773,75;2;261,28;20.415,04;39;1.956,93;150.101,36;31;1.231,72;99.885,33
Jno;General;Media;Otros;Público;MTCGCD15 (MT / Escenarios Deportivos con Demanda);0;0;0;5;0,52;118,57;0;0;0;1;1,99;156,94;0;0;0;6;12,62;1.447,96;5;1,52;311,45;0;0;0;4;2,08;356,66;2;8,24;2.096,64;0;0;0
Jno;General;Media;Otros;Público;MTCGCD16 (MT / Escenarios Deportivos con Demanda Horaria);0;0;0;0;0;0;0;0;0;1;23,8;2.079,75;0;0;0;0;0;0;6;45,29;3.993,85;0;0;0;0;0;0;0;0;0;0;0;0
Jno;General;Media;Otros;Público;MTCGCD25 (MT / Estación de Carga Rápida con Demanda Horaria Diferenciada);0;0;0;0;0;0;0;0;0;4;56,44;3.633,50;0;0;0;0;0;0;0;0;0;0;0;0;0;0;0;0;0;0;0;0;0
Jno;General;Media;Otros;Público;MTCGCD31 (MT / Estacionales y Ocasionales);0;0;0;0;0;0;0;0;0;0;0;0;0;0;0;0;0;0;0;0;0;0;0;0;0;0;0;0;0;0;0;0;0
Jno;General;Media;Industrial;Público;MTCGCD03 (MT / Industrial con Demanda);0;0;0;0;0;0;1;1,4;494,63;0;0;0;0;0;0;0;0;0;0;0;0;0;0;0;4;198,85;25.030,08;0;0;0;0;0;0
Jno;General;Media;Industrial;Público;MTCGCD32 (MT / Industrial con Demanda Horaria Diferenciada);0;0;0;0;0;0;3;1.501,45;139.977,13;0;0;0;0;0;0;1;0;4,16;0;0;0;0;0;0;0;0;0;0;0;0;1;112,77;11.053,27
Jno;General;NO APLICA;Industrial;Público;REFACTIN (Industrial / Refacturaciones y Reliquidaciones);0;0;0;0;0;0;0;0;0;0;0;0;0;0;0;0;0;0;0;0;0;0;0;0;0;0;0;0;0;0;0;0;0
Jno;General;Media;Otros;Público;MTCGCD36 (MT / Autoconsumo con Demanda Horaria);0;0;0;0;0;0;0;0;0;0;0;0;0;0;0;0;0;0;0;0;0;0;0;0;0;0;0;0;0;0;0;0;0
Jno;General;Media;Otros;Público;MTCGCD37 (MT / Autoconsumo con Demanda);0;0;0;0;0;0;0;0;0;0;0;0;1;0;1,41;0;0;0;0;0;0;0;0;0;0;0;0;0;0;0;0;0;0
Jno;General;Media;Otros;Público;MTCGCD19 (MT / Otros con Demanda);0;0;0;0;0;0;0;0;0;0;0;0;0;0;0;0;0;0;0;0;0;0;0;0;0;0;0;0;0;0;0;0;0
Jno;General;NO APLICA;Comercial;Público;REFACTCO (Comercial / Refacturaciones y Reliquidaciones);0;0;0;0;0;0;0;-4,71;-482,48;0;0;0;0;0;0;0;0;0;0;0;0;0;0;0;0;0;0;0;0;0;0;0,01;0,64
Jno;General;Media;Otros;Público;MTCGCD35 (MT / Servicio Comunitario con Demanda);0;0;0;0;0;0;0;0;0;6;38,4;2.920,97;4;3,33;303,07;0;0;0;1;0,82;127,33;0;0;0;0;0;0;0;0;0;0;0;0
Jno;General;Media;Otros;Público;MTCGCD34 (MT / Servicio Comunitario con Demanda Horaria);0;0;0;0;0;0;0;0;0;0;0;0;0;0;0;0;0;0;0;0;0;0;0;0;0;0;0;0;0;0;0;0;0
Jno;General;Media;Otros;Público;MTCGCD39 (MT / Bombeo de Agua para Servicio Público de Agua con Demanda Horaria);0;0;0;44;1.282,64;60.095,94;9;224,36;11.420,27;28;1.168,77;57.841,85;18;818,48;42.338,49;6;51,5;2.736,28;62;3.684,21;180.348,74;0;0;0;0;0;0;31;442,07;22.632,53;4;437,01;20.598,68
Jno;General;Alta;Otros;Público;ATCGCD14 (AT / Asistencia Social con Demanda Horaria);0;0;0;0;0;0;0;0;0;0;0;0;1;465,07;30.845,54;0;0;0;1;785,73;51.839,07;0;0;0;0;0;0;0;0;0;0;0;0
Jno;General;Alta;Otros;Público;ATCGCD15 (AT / Beneficio Público con Demanda Horaria);0;0;0;0;0;0;0;0;0;0;0;0;0;0;0;0;0;0;0;0;0;1;370,82;26.356,44;0;0;0;0;0;0;0;0;0
Jno;General;Alta;Otros;Público;ATCGCD03 (AT / Abonados Especiales con Demanda Horaria);0;0;0;0;0;0;0;0;0;0;0;0;0;0;0;0;0;0;0;0;0;0;0;0;0;0;0;0;0;0;0;0;0
Jno;General;Alta;Otros;Público;ATCGCD04 (AT / Bombeo de Agua con Demanda Horaria);0;0;0;0;0;0;0;0;0;2;3.569,67;179.554,09;1;2.148,39;157.065,34;0;0;0;0;0;0;0;0;0;0;0;0;0;0;0;0;0;0
Jno;General;Alta;Otros;Público;ATCGCD16 (AT / Estación de Carga Rápida con Demanda Horaria Diferenciada);0;0;0;0;0;0;0;0;0;0;0;0;0;0;0;0;0;0;0;0;0;0;0;0;0;0;0;0;0;0;0;0;0
Jno;General;Alta;Industrial;Público;ATCGCD07 (AT / Industrial con Demanda Horaria Diferenciada);0;0;0;0;0;0;1;8.751,96;898.257,94;0;0;0;0;0;0;0;0;0;0;0;0;0;0;0;2;2.212,47;196.980,76;0;0;0;0;0;0
Jno;General;NO APLICA;Otros;Público;REFACTOT (Otros / Refacturaciones y Reliquidaciones);0;0;0;0;0;0;0;-14,2;-2.101.012,00;0;0;0;0;0;0;0;0;0;0;0;0;0;0;0;0;0;0;0;0;0;0;3,66;-520,66
Jno;General;Alta;Otros;Público;ATCGCD08 (AT / Servicio Comunitario con Demanda Horaria);0;0;0;0;0;0;0;0;0;0;0;0;0;0;0;0;0;0;0;0;0;0;0;0;0;0;0;0;0;0;0;0;0
Jno;General;Alta;Otros;Público;ATCGCD12 (AT / Autoconsumo con Demanda Horaria);0;0;0;0;0;0;0;0;0;0;0;0;0;0;0;0;0;0;0;0;0;0;0;0;0;0;0;0;0;0;0;0;0
Jno;General;Alta;Otros;Público;ATCGCD05 (AT / Otros con Demanda Horaria);0;0;0;0;0;0;0;0;0;0;0;0;0;0;0;0;0;0;0;0;0;0;0;0;0;0;0;0;0;0;0;0;0
Jno;General;Alta;Comercial;Público;ATCGCD09 (AT / Comercial con Demanda Horaria);0;0;0;0;0;0;0;0;0;0;0;0;0;0;0;0;0;0;0;0;0;0;0;0;0;0;0;0;0;0;0;0;0
Jno;General;Alta;Otros;Público;ATCGCD10 (AT / Entidades Oficiales con Demanda Horaria);0;0;0;2;2.212,17;153.528,03;0;0;0;6;3.122,77;195.935,67;2;313,18;22.115,16;0;0;0;0;0;0;0;0;0;1;417,6;30.236,72;2;1.069,95;79.690,79;0;0;0
Jno;General;Alta;Otros;Público;ATCGCD11 (AT / Escenarios Deportivos con Demanda Horaria);0;0;0;0;0;0;0;0;0;0;0;0;0;0;0;0;0;0;0;0;0;0;0;0;0;0;0;0;0;0;0;0;0
Jno;General;Alta;Otros;Público;ATCGCD13 (AT / Bombeo de Agua para Servicio Público de Agua con Demanda Horaria);0;0;0;0;0;0;1;2.706,92;112.461,39;1;709,6;30.193,40;1;12.608,25;521.867,88;0;0;0;6;7.684,10;325.962,55;0;0;0;0;0;0;0;0;0;0;0;0
Jno;General;Alta;Industrial;Público;EATCGCD1 (AT / Industrial con Demanda Horaria Diferenciada - AT1);0;0;0;0;0;0;0;0;0;0;0;0;0;0;0;0;0;0;0;0;0;0;0;0;0;0;0;0;0;0;1;31.978,08;2.183.193,73
Jno;General;Baja;Otros;Privado;BTCGSD06 (BT / Abonados Especiales con Demanda);0;0;0;0;0;0;0;0;0;0;0;0;0;0;0;0;0;0;1;0,01;2,13;0;0;0;0;0;0;0;0;0;0;0;0
Jno;General;Baja;Otros;Privado;BTCGSD10 (BT / Abonados Especiales con Demanda Horaria);0;0;0;0;0;0;0;0;0;0;0;0;0;0;0;0;0;0;0;0;0;0;0;0;0;0;0;0;0;0;0;0;0
Jno;General;Baja;Otros;Privado;NDCGCD01 (BT / Asistencia Social con Demanda Horaria);0;0;0;0;0;0;0;0;0;0;0;0;0;0;0;0;0;0;0;0;0;0;0;0;0;0;0;0;0;0;4;8,3;667,1
Jno;General;Baja;Otros;Privado;BTCGCD21 (BT / Bombeo de Agua Comunidades Campesinas);0;0;0;23;37,5;1.516,05;15;8,8;386,05;4;0,47;21,64;329;196,2;8.079,10;40;27,74;1.137,56;945;687,02;27.754,38;9;8,94;363,72;11;15,12;612,65;40;42,04;1.709,56;110;74,71;3.065,32
Jno;General;Baja;Otros;Privado;BTCGCD06 (BT / Bombeo de Agua con Demanda);0;0;0;0;0;0;15;4,29;571,11;36;101,51;9.751,28;82;123,85;13.018,18;2;2,18;281,26;28;153,28;13.615,93;11;49,71;4.462,24;2;5,59;475,57;1;6,99;581,3;21;11,58;1.305,26
Jno;General;Baja;Otros;Privado;BTCGCD34 (BT / Bombeo de Agua con Demanda Horaria);0;0;0;0;0;0;0;0;0;5;13,89;1.200,40;0;0;0;8;78,08;7.164,72;2;33,17;2.625,19;0;0;0;0;0;0;0;0;0;4;10,28;910,2
Jno;General;Baja;Comercial;Privado;BTCGSD01 (BT / Comercial);3.533;1.028,72;104.780,70;17.499;8.446,18;859.751,30;6.741;2.476,60;251.499,30;68.041;33.707,64;3.429.595,60;17.429;10.610,85;1.078.566,87;6.899;3.235,41;329.276,49;16.092;8.196,94;820.626,61;10.894;4.262,28;433.187,48;6.216;2.760,28;280.497,54;26.071;8.896,70;904.488,01;11.577;4.325,37;439.219,38
Jno;General;Baja;Comercial;Privado;BTCGCD01 (BT / Comercial con Demanda);11;28,73;3.061,48;1;0,78;98,02;98;168,31;20.472,10;4.510;16.634,90;1.837.532,54;1.077;4.974,12;555.539,37;62;176,78;20.214,55;111;263,68;29.945,85;327;1.031,30;114.881,99;38;130,58;14.182,47;24;67,76;7.336,40;100;111,85;13.807,14
Jno;General;Baja;Comercial;Privado;BTCGCD31 (BT / Comercial con Demanda Horaria);0;0;0;0;0;0;0;0;0;45;449,45;45.010,05;0;0;0;0;0;0;22;192,94;20.195,32;2;6,31;602,78;0;0;0;0;0;0;599;2.752,04;287.028,46
Jno;General;Baja;Otros;Privado;BTCGSD09 (BT / Culto Religioso);319;24,3;1.433,52;544;106,7;5.844,73;439;91,3;4.790,19;472;235,83;21.297,43;946;279,92;15.187,97;437;101,76;5.438,87;374;113,4;5.809,32;424;93,3;4.912,59;195;49,49;2.588,99;736;132,67;7.107,38;405;51,74;2.736,75
Jno;General;Baja;Otros;Privado;BTCGCD32 (BT / Culto Religioso con Demanda);1;0,22;28,77;0;0;0;0;0;0;55;77,68;7.696,24;2;3,45;471,64;3;4,42;403,38;0;0;0;15;24,02;2.654,91;0;0;0;0;0;0;0;0;0
Jno;General;Baja;Otros;Privado;BTCGCD08 (BT / Escenarios Deportivos con Demanda);1;2,64;272,33;0;0;0;0;0;0;9;32,61;3.428,35;0;0;0;3;1,64;279,92;2;4,81;541,06;1;0,18;55,81;0;0;0;0;0;0;0;0;0
Jno;General;Baja;Industrial;Privado;BTCGSD02 (BT / Industrial Artesanal);91;16,13;1.349,73;848;321,35;27.284,13;222;48,08;4.039,93;827;434,16;38.569,75;169;93,12;7.946,29;188;57,27;4.831,08;279;160,74;13.554,51;26;11,2;944,89;80;35,49;2.989,36;89;31,67;2.672,64;218;69,86;5.813,20
Jno;General;Baja;Industrial;Privado;BTCGCD02 (BT / Industrial con Demanda);4;2,19;391,21;0;0;0;5;3,43;494,23;487;1.263,93;138.843,83;13;38,38;4.382,33;4;0,93;145,27;46;73,96;8.757,92;47;24,86;3.257,85;0;0;0;0;0;0;11;8,72;963,6
Jno;General;Baja;Industrial;Privado;BTCGCD30 (BT / Industrial con Demanda Horaria);0;0;0;0;0;0;0;0;0;1;2,77;284,76;2;33,99;2.674,33;6;48,62;4.832,05;25;212,14;24.535,64;1;9,41;810,62;0;0;0;0;0;0;167;904,86;76.895,16
Jno;Residencial;NO APLICA;Residencial;Privado;REFACTRE (Residencial / Refacturaciones y Reliquidaciones);0;0;0;0;0;0;0;-245,01;-140.275,20;0;0;0;0;0;0;0;0;0;0;0;0;0;0;0;0;0;0;0;0;0;0;60,27;9.209,00
Jno;Residencial;Baja;Residencial;Privado;BTCRSD01 (BT / Residencial);63.759;4.273,36;489.271,97;228.654;35.236,37;3.882.287,00;98.746;12.185,17;2.000.129,73;542.785;133.391,62;13.762.869,15;287.092;72.668,05;8.569.102,09;117.096;17.238,76;1.850.159,09;293.261;46.411,94;4.925.770,49;127.505;18.570,69;1.989.944,85;69.872;10.785,30;1.217.605,18;215.714;24.565,94;2.649.278,21;85.768;11.327,36;1.234.057,48
Jno;Residencial;Baja;Residencial;Privado;BTCRSD02 (BT / Residencial Temporal);0;0;0;0;0;0;5.782;426,39;62.934,76;2.058;161,52;23.580,70;0;0;0;0;0;0;300;22,04;3.206,47;0;0;0;11.564;1.350,34;189.847,32;0;0;0;26;36,2;4.943,45
Jno;Residencial;Baja;Residencial;Privado;BTCRSD03 (BT / Residencial para el Programa PEC);3.235;404,94;31.594,08;25.980;4.919,01;426.786,65;16.187;2.484,59;219.208,16;93.140;23.096,15;1.931.577,18;52.913;12.139,72;1.047.601,42;21.143;3.756,50;315.578,39;36.130;7.307,71;625.564,89;21.881;4.045,07;341.377,81;14.792;2.674,72;227.393,90;27.757;4.204,47;351.899,85;9.752;1.846,74;159.354,41
Jno;General;Baja;Otros;Privado;BTCGCD04 (BT / Autoconsumo con Demanda);0;0;0;0;0;0;0;0;0;0;0;0;0;0;0;0;0;0;0;0;0;0;0;0;0;0;0;0;0;0;0;0;0
Jno;General;Baja;Otros;Privado;BTCGCD03 (BT / Asistencia Social con Demanda);0;0;0;0;0;0;1;0,04;3,82;75;206,19;16.007,87;3;9,91;832,53;1;20,58;1.517,16;2;1,48;131,76;1;0,77;71,13;0;0;0;0;0;0;3;1,61;157,73
Jno;General;Baja;Otros;Privado;BTCGCD05 (BT / Beneficio Público con Demanda);0;0;0;0;0;0;0;0;0;1;6,47;455,16;0;0;0;0;0;0;0;0;0;0;0;0;0;0;0;0;0;0;1;0,22;50,91
Jno;General;Baja;Otros;Privado;BTCGCD09 (BT / Otros con Demanda);0;0;0;0;0;0;0;0;0;0;0;0;0;0;0;0;0;0;0;0;0;0;0;0;0;0;0;0;0;0;0;0;0
Jno;General;Baja;Otros;Privado;BTCGCD20 (BT / Beneficio Público con Demanda Horaria);0;0;0;0;0;0;0;0;0;0;0;0;0;0;0;0;0;0;0;0;0;0;0;0;0;0;0;0;0;0;7;8,22;1.464,98
Jno;General;Baja;Otros;Privado;BTCGCD37 (BT / Autoconsumo con Demana Horaria);0;0;0;0;0;0;0;0;0;0;0;0;0;0;0;0;0;0;0;0;0;0;0;0;0;0;0;0;0;0;0;0;0
Jno;General;Baja;Otros;Privado;BTCGCD38 (BT / Otros con Demanda Horaria);0;0;0;0;0;0;0;0;0;0;0;0;0;0;0;0;0;0;0;0;0;0;0;0;0;0;0;0;0;0;0;0;0
Jno;General;Baja;Otros;Privado;BTCGSD03 (BT / Asistencia Social);0;0;0;23;10,83;598,1;37;12,95;710,4;375;248,39;23.246,46;44;21;1.134,44;25;7,62;404,83;351;136,59;7.471,60;1;0,42;20,02;14;6,3;365,58;3;1,86;103,42;56;15,44;870,12
Jno;General;Baja;Otros;Privado;BTCGSD04 (BT / Beneficio Público);0;0;0;2;0,34;16,14;52;12,07;637,88;1;4,94;508,03;15;8,35;470,9;22;10,28;606,08;255;76,35;4.212,41;5;2,4;143,11;17;9,12;518,32;58;12,41;725,19;59;12,89;706,4
Jno;General;Baja;Otros;Privado;BTCGSD08 (BT / Otros);0;0;0;0;0;0;0;0;0;0;0;0;0;0;0;0;0;0;0;0;0;0;0;0;0;0;0;0;0;0;0;0;0
Jno;General;Baja;Otros;Privado;BTCGSD12 (BT / Escenarios Deportivos);10;0,88;85,93;32;7,59;700,22;0;0;0;4;6,33;621,94;5;0,75;71,01;11;4,46;410,02;11;2,27;206,47;4;2,72;249,83;6;2,35;211,8;18;6,94;636,88;8;1,61;149,53
Jno;General;Baja;Otros;Privado;BTCGSD13 (BT / Bombeo de Agua);17;2,78;236,2;53;36,99;3.040,34;57;19,54;1.587,56;25;8,59;705,71;392;252,13;20.632,44;74;42,09;3.440,01;347;161,56;11.714,18;53;30,39;2.476,72;28;10,45;850,94;136;101,21;8.280,71;0;0;0
Jno;General;Baja;Otros;Privado;BTCGCD12 (BT / Ocasional);0;0;0;0;0;0;0;0;0;0;0;0;0;0;0;0;0;0;0;0;0;0;0;0;0;0;0;0;0;0;0;0;0
Jno;General;Baja;Otros;Privado;BTCGSD11 (BT / Servicio Comunitario);0;0;0;57;26,56;2.446,93;44;25,12;2.281,90;727;235,48;21.215,98;920;611,17;56.414,55;1;0,09;8,79;72;43,95;4.015,42;1;0,36;31,4;294;594,59;54.843,39;139;47,69;3.163,80;43;5,17;508,39
Jno;General;Baja;Otros;Privado;BTCGCD11 (BT / Servicio Comunitario con Demanda);0;0;0;0;0;0;2;1,78;206,61;281;538,78;54.732,64;150;650,29;65.606,67;1;4,28;431,47;22;56;5.494,34;0;0;0;0;0;0;0;0;0;0;0;0
Jno;General;Baja;Otros;Privado;BTCGCD36 (BT / Escenarios Deportivos con Demanda Horaria);0;0;0;0;0;0;0;0;0;0;0;0;0;0;0;0;0;0;0;0;0;0;0;0;0;0;0;0;0;0;0;0;0
Jno;General;Baja;Otros;Privado;BTCGCD39 (BT / Servicio Comunitario con Demanda Horaria);0;0;0;0;0;0;0;0;0;4;168,92;14.112,42;0;0;0;0;0;0;0;0;0;0;0;0;0;0;0;0;0;0;2;39,14;3.355,81
Jno;General;Baja;Otros;Privado;BTCGCD41 (BT / Vehículos Eléctricos con Demanda Horaria);1;1,28;104,73;2;0,84;91,45;0;0;0;66;37,63;3.502,57;65;18,2;4.364,08;0;0;0;8;2,4;306,91;1;0,65;54,9;0;0;0;2;0,43;54,89;0;0;0
Jno;General;Media;Otros;Privado;MTCGCD05 (MT / Abonados Especiales con Demanda);0;0;0;0;0;0;0;0;0;0;0;0;0;0;0;0;0;0;1;0,5;70,37;0;0;0;0;0;0;0;0;0;0;0;0
Jno;General;Media;Otros;Privado;MTCGCD06 (MT / Abonados Especiales con Demanda Horaria);0;0;0;0;0;0;0;0;0;0;0;0;0;0;0;0;0;0;0;0;0;0;0;0;0;0;0;0;0;0;0;0;0
Jno;General;Media;Otros;Privado;MTCGCD30 (MT / Bombeo de agua comunidades campesinas);0;0;0;0;0;0;0;0;0;2;0,32;14,09;19;33,01;1.333,79;0;0;0;0;0;0;0;0;0;21;85,53;3.436,80;0;0;0;0;0;0
Jno;General;Media;Otros;Privado;MTCGCD11 (MT / Bombeo de Agua con Demanda);0;0;0;64;43,85;4.392,23;19;57,53;5.611,18;91;2.112,74;149.735,01;364;2.261,80;197.392,98;57;175,89;20.912,44;212;1.079,19;89.767,77;61;5.972,33;446.872,18;218;4.490,81;342.028,63;60;427,84;33.978,13;0;0;0
Jno;General;Media;Otros;Privado;MTCGCD12 (MT / Bombeo de Agua con Demanda Horaria);0;0;0;339;9.296,33;661.008,97;4;59,52;5.046,32;52;3.708,87;221.772,09;30;1.028,59;80.393,36;10;682,53;54.004,99;41;678,11;48.090,66;45;7.170,78;500.952,81;20;2.244,36;154.031,86;32;217,43;15.903,67;0;0;0
Jno;General;Media;Comercial;Privado;MTCGCD01 (MT / Comercial con Demanda);184;377,95;43.566,10;767;905,7;105.308,42;472;1.522,05;186.306,28;1.688;26.748,55;2.816.156,63;1.510;11.885,86;1.377.058,72;666;2.637,41;316.525,00;1.974;6.756,74;806.170,89;462;3.285,11;381.245,12;447;4.116,07;466.249,19;798;3.093,58;374.258,97;0;0;0
Jno;General;Media;Comercial;Privado;MTCGCD02 (MT / Comercial con Demanda Horaria);0;0;0;569;6.318,08;655.906,89;37;747,47;79.919,73;546;21.084,05;2.041.955,81;89;2.939,31;305.425,88;39;500,29;51.838,95;448;9.798,44;1.014.058,57;33;2.028,10;206.380,69;5;576,59;58.809,41;199;4.853,60;490.500,03;9;328,1;34.916,21
Jno;General;Media;Otros;Privado;MTCGCD33 (MT / Culto Religioso con Demanda);2;1,19;118,56;31;68,12;6.876,59;3;5,69;487,95;44;161,58;15.499,32;47;200,55;19.344,12;26;40,1;4.574,74;40;51,4;5.636,09;12;34,21;3.845,34;4;7,81;835,51;15;21,24;2.242,68;0;0;0
Jno;General;Media;Otros;Privado;MTCGCD15 (MT / Escenarios Deportivos con Demanda);2;0,5;113,15;9;5,6;627,24;0;0;0;30;260,18;23.322,67;8;37,19;2.300,80;7;24,94;2.495,74;5;5,62;747,17;2;1,82;225,26;0;0;0;0;0;0;0;0;0
Jno;General;Media;Otros;Privado;MTCGCD16 (MT / Escenarios Deportivos con Demanda Horaria);0;0;0;4;18,77;1.876,03;0;0;0;4;86,41;8.627,91;0;0;0;0;0;0;2;8,88;2.378,64;0;0;0;0;0;0;0;0;0;0;0;0
Jno;General;Media;Otros;Privado;MTCGCD25 (MT / Estación de Carga Rápida con Demanda Horaria Diferenciada);0;0;0;0;0;0;0;0;0;4;263,83;16.265,97;2;97,3;6.446,57;0;0;0;2;0,19;281,99;0;0;0;0;0;0;0;0;0;0;0;0
Jno;General;Media;Industrial;Privado;MTCGCD03 (MT / Industrial con Demanda);20;30,93;4.031,96;183;164,32;23.330,34;41;104,06;15.182,37;248;8.363,76;838.116,29;381;7.521,15;870.059,65;46;171,7;23.777,67;18;73,76;10.117,86;51;577,58;66.986,88;42;1.180,19;135.920,76;82;279,26;38.961,84;0;0;0
Jno;General;Media;Industrial;Privado;MTCGCD32 (MT / Industrial con Demanda Horaria Diferenciada);0;0;0;515;36.674,73;3.584.966,03;37;4.030,96;393.955,26;521;48.848,26;4.338.225,51;205;21.541,10;2.126.205,51;84;3.789,14;386.052,25;114;19.292,80;1.891.417,96;50;5.266,16;530.415,95;28;2.540,38;254.615,22;116;6.960,98;686.737,20;43;3.158,41;308.916,17
Jno;General;NO APLICA;Industrial;Privado;REFACTIN (Industrial / Refacturaciones y Reliquidaciones);0;0;0;0;0;0;0;-37,53;-3.187,10;0;0;0;0;0;0;0;0;0;0;0;0;0;0;0;0;0;0;0;0;0;0;-3,59;-7.411,04
Jno;General;Media;Otros;Privado;MTCGCD36 (MT / Autoconsumo con Demanda Horaria);0;0;0;0;0;0;0;0;0;0;0;0;0;0;0;0;0;0;0;0;0;0;0;0;0;0;0;0;0;0;0;0;0
Jno;General;Media;Otros;Privado;MTCGCD37 (MT / Autoconsumo con Demanda);0;0;0;0;0;0;0;0;0;0;0;0;0;0;0;0;0;0;0;0;0;0;0;0;0;0;0;0;0;0;0;0;0
Jno;General;Media;Otros;Privado;MTCGCD07 (MT / Asistencia Social con Demanda);0;0;0;1;1,4;126,3;8;29,47;2.571,64;107;938,83;71.058,43;10;73,12;5.892,27;8;45,04;3.548,50;13;40,31;3.087,29;0;0;0;2;6,92;552,42;0;0;0;0;0;0
Jno;General;Media;Otros;Privado;MTCGCD08 (MT / Asistencia Social con Demanda Horaria);0;0;0;4;95,35;6.546,79;1;21,05;1.411,65;36;4.178,03;256.840,62;0;0;0;1;21,88;1.476,11;8;768,81;51.396,48;0;0;0;0;0;0;0;0;0;0;0;0
Jno;General;Media;Otros;Privado;MTCGCD09 (MT / Beneficio Público con Demanda);0;0;0;0;0;0;5;14,51;1.187,00;3;10,73;782,88;1;7,16;648,61;2;17,52;1.391,39;8;22,15;1.884,73;1;16,1;1.423,47;3;15,66;1.294,13;0;0;0;0;0;0
Jno;General;Media;Otros;Privado;MTCGCD10 (MT / Beneficio Público con Demanda Horaria);0;0;0;0;0;0;0;0;0;0;0;0;0;0;0;0;0;0;1;0,6;83,87;0;0;0;0;0;0;0;0;0;0;0;0
Jno;General;Media;Otros;Privado;MTCGCD19 (MT / Otros con Demanda);0;0;0;0;0;0;0;0;0;0;0;0;0;0;0;0;0;0;0;0;0;0;0;0;0;0;0;0;0;0;0;0;0
Jno;General;NO APLICA;Comercial;Privado;REFACTCO (Comercial / Refacturaciones y Reliquidaciones);0;0;0;0;0;0;0;72,51;4.985,21;0;0;0;0;0;0;0;0;0;0;0;0;0;0;0;0;0;0;0;0;0;0;132,97;14.568,37
Jno;General;Media;Otros;Privado;MTCGCD35 (MT / Servicio Comunitario con Demanda);0;0;0;8;5,92;579,07;32;57,28;5.939,74;139;2.069,04;144.988,76;156;952,99;87.548,26;1;1,01;107;62;182,65;16.402,95;0;0;0;11;31,51;3.301,79;0;0;0;0;0;0
Jno;General;Media;Otros;Privado;MTCGCD34 (MT / Servicio Comunitario con Demanda Horaria);0;0;0;0;0;0;0;0;0;41;1.185,94;84.421,42;0;0;0;0;0;0;4;18,77;1.520,24;0;0;0;0;0;0;0;0;0;0;0;0
Jno;General;Alta;Otros;Privado;ATCGCD03 (AT / Abonados Especiales con Demanda Horaria);0;0;0;0;0;0;0;0;0;0;0;0;0;0;0;2;1,09;287,43;0;0;0;0;0;0;0;0;0;0;0;0;0;0;0
Jno;General;Alta;Otros;Privado;ATCGCD04 (AT / Bombeo de Agua con Demanda Horaria);0;0;0;0;0;0;0;0;0;2;6.135,39;321.488,20;3;13.771,93;833.328,40;0;0;0;0;0;0;5;12.459,79;776.826,15;1;3.082,80;201.534,30;0;0;0;0;0;0
Jno;General;Alta;Otros;Privado;ATCGCD16 (AT / Estación de Carga Rápida con Demanda Horaria Diferenciada);0;0;0;0;0;0;0;0;0;0;0;0;0;0;0;0;0;0;0;0;0;0;0;0;0;0;0;0;0;0;0;0;0
Jno;General;Alta;Industrial;Privado;ATCGCD07 (AT / Industrial con Demanda Horaria Diferenciada);0;0;0;2;671,78;61.623,45;0;0;0;35;59.083,86;4.863.213,61;30;36.458,18;3.335.602,76;0;0;0;4;4.188,03;374.900,10;11;21.654,79;1.940.243,90;1;70,56;6.070,29;3;2.757,44;254.364,79;0;0;0
Jno;General;NO APLICA;Otros;Privado;REFACTOT (Otros / Refacturaciones y Reliquidaciones);0;0;0;0;0;0;0;1,16;-184.781,95;0;0;0;0;0;0;0;0;0;0;0;0;0;0;0;0;0;0;0;0;0;0;-0,23;-6.882,76
Jno;General;Alta;Otros;Privado;ATCGCD08 (AT / Servicio Comunitario con Demanda Horaria);0;0;0;0;0;0;0;0;0;2;1.143,20;74.917,90;0;0;0;0;0;0;0;0;0;0;0;0;0;0;0;0;0;0;0;0;0
Jno;General;Alta;Otros;Privado;ATCGCD12 (AT / Autoconsumo con Demanda Horaria);0;0;0;0;0;0;0;0;0;0;0;0;0;0;0;0;0;0;0;0;0;0;0;0;0;0;0;0;0;0;0;0;0
Jno;General;Alta;Otros;Privado;ATCGCD05 (AT / Otros con Demanda Horaria);0;0;0;0;0;0;0;0;0;0;0;0;0;0;0;0;0;0;0;0;0;0;0;0;0;0;0;0;0;0;0;0;0
Jno;General;Alta;Comercial;Privado;ATCGCD09 (AT / Comercial con Demanda Horaria);0;0;0;1;563,3;56.454,60;0;0;0;7;3.936,65;355.587,53;6;4.856,39;479.887,68;1;609,54;58.956,62;0;0;0;0;0;0;0;0;0;1;505;49.168,81;0;0;0
Jno;General;Alta;Otros;Privado;ATCGCD11 (AT / Escenarios Deportivos con Demanda Horaria);0;0;0;0;0;0;0;0;0;0;0;0;0;0;0;0;0;0;0;0;0;0;0;0;0;0;0;0;0;0;0;0;0
Jno;General;Alta;Industrial;Privado;EATCGCD1 (AT / Industrial con Demanda Horaria Diferenciada - AT1);0;0;0;0;0;0;0;0;0;0;0;0;0;0;0;0;0;0;0;0;0;1;22.365,86;1.654.540,68;0;0;0;0;0;0;0;0;0
