Mes;Categoria;Voltaje;Grupo_consumo;Tipo_consumo;Tarifa;Clientes_BOL;MWh_BOL;FACT_BOL;Clientes_EOR;MWh_EOR;FACT_EOR;Clientes_ESM;MWh_ESM;FACT_ESM;Clientes_GYE;MWh_GYE;FACT_GYE;Clientes_GLR;MWh_GLR;FACT_GLR;Clientes_LRS;MWh_LRS;FACT_LRS;Clientes_MAN;MWh_MAN;FACT_MAN;Clientes_MLG;MWh_MLG;FACT_MLG;Clientes_STE;MWh_STE;FACT_STE;Clientes_STD;MWh_STD;FACT_STD;Clientes_SUC;MWh_SUC;FACT_SUC,,,,,,,,,,,,,,,,,,,,,,,,,,,,,,,,,,,,,,,,,,,
Ago;General;Baja;Otros;Público;BTCGSD06 (BT / Abonados Especiales con Demanda);0;0;0;0;0;0;0;0;0;0;0;0;0;0;0;0;0;0;1;0.01;1.97;0;0;0;0;0;0;0;0;0;0;0;0,,,,,,,,,,,,,,,,,,,,,,,,,,,,,,,,,,,,,,,,,,,
Ago;General;Baja;Otros;Público;BTCGSD10 (BT / Abonados Especiales con Demanda Horaria);0;0;0;0;0;0;0;0;0;0;0;0;0;0;0;0;0;0;0;0;0;0;0;0;0;0;0;0;0;0;0;0;0,,,,,,,,,,,,,,,,,,,,,,,,,,,,,,,,,,,,,,,,,,,
Ago;Alumbrado Público;Baja;Alumbrado Público;Público;BTAPCD01 (BT / Alumbrado Público);1;1,721.10;127,037.23;1;8,387.61;918,167.48;1;4,300.49;362,637.25;1;13,891.99;1,541,165.76;1;9,536.30;1,797,200.55;1;2,812.72;278,647.65;1;12,190.27;892,725.39;1;4,589.77;556,436.07;1;3,039.10;581,170.73;1;7,149.14;789,418.92;1;3,870.29;325,158.09,,,,,,,,,,,,,,,,,,,
Ago;General;Baja;Otros;Público;BTCGSD03 (BT / Asistencia Social);80;37.58;1,972.10;164;113.84;6,248.67;115;59.93;3,266.47;68;75.4;7,320.41;114;126.51;7,313.20;71;52.28;2,938.74;325;235.68;13,484.17;58;33.4;1,835.47;40;28.39;1,576.42;126;108.37;6,102.61;128;67.19;3,885.95,,,,,,,,,,,,,,,,,,,,,,,,,,,,,,,,
Ago;General;Baja;Otros;Público;BTCGCD03 (BT / Asistencia Social con Demanda);2;2.58;241.52;0;0;0;2;3.78;314.27;40;130.74;9,983.71;4;12.07;979.78;5;4.93;449.53;4;21.97;1,680.32;10;29.11;2,350.40;0;0;0;0;0;0;3;2.49;198.41,,,,,,,,,,,,,,,,,,,,,,,,,,,,,,,,,,,,,,,,
Ago;General;Baja;Otros;Público;NDCGCD01 (BT / Asistencia Social con Demanda Horaria);0;0;0;0;0;0;0;0;0;0;0;0;0;0;0;0;0;0;0;0;0;0;0;0;0;0;0;0;0;0;51;207.75;15,312.59,,,,,,,,,,,,,,,,,,,,,,,,,,,,,,,,,,,,,,,,,,
Ago;General;Baja;Otros;Público;BTCGCD04 (BT / Autoconsumo con Demanda);0;0;0;0;0;0;0;0;0;0;0;0;1;3.32;324.49;0;0;0;0;0;0;0;0;0;0;0;0;0;0;0;0;0;0,,,,,,,,,,,,,,,,,,,,,,,,,,,,,,,,,,,,,,,,,,,
Ago;General;Baja;Otros;Público;BTCGSD04 (BT / Beneficio Público);520;49.93;2,967.81;858;324.6;18,137.25;833;177.58;9,969.25;439;454.86;43,861.75;850;311.52;17,708.02;340;107.5;6,161.17;786;320.31;18,278.82;312;126.98;7,118.52;194;89.11;4,955.71;995;249.35;13,722.55;760;130.4;7,383.22,,,,,,,,,,,,,,,,,,,,,,,,,,,,,,,,
Ago;General;Baja;Otros;Público;BTCGCD05 (BT / Beneficio Público con Demanda);2;2.44;226.18;1;0.76;148.2;5;7.9;765.07;57;163.19;12,459.79;1;-1.4;-29.93;9;17.43;1,550.43;10;17.67;1,579.83;18;75.18;5,971.06;1;1.99;130.92;0;0;0;8;3.39;484.77,,,,,,,,,,,,,,,,,,,,,,,,,,,,,,,,,,,,,,,
Ago;General;Baja;Otros;Público;BTCGCD20 (BT / Beneficio Público con Demanda Horaria);0;0;0;0;0;0;0;0;0;0;0;0;0;0;0;0;0;0;0;0;0;0;0;0;0;0;0;0;0;0;36;68.38;6,168,,,,,,,,,,,,,,,,,,,,,,,,,,,,,,,,,,,,,,,,,,
Ago;General;Baja;Otros;Público;BTCGCD21 (BT / Bombeo de Agua Comunidades Campesinas);0;0;0;5;11.18;450.79;2;3.04;123;0;0;0;22;23.27;946.62;15;52.53;2,111.81;22;26.71;1,083.83;10;22.78;918.2;0;0;0;9;13.02;527.14;67;47.08;1,930.26,,,,,,,,,,,,,,,,,,,,,,,,,,,,,,,,,,,,,,,,
Ago;General;Baja;Otros;Público;BTCGCD06 (BT / Bombeo de Agua con Demanda);7;2.69;366.91;0;0;0;11;19.01;1,671.48;5;39.15;3,341.03;8;17.01;1,537.06;8;29.69;2,873.86;0;0;0;17;124.31;10,410.08;0;0;0;1;0.35;30.35;9;3.44;355.14,,,,,,,,,,,,,,,,,,,,,,,,,,,,,,,,,,,,,,
Ago;General;Baja;Otros;Público;BTCGCD34 (BT / Bombeo de Agua con Demanda Horaria);0;0;0;0;0;0;0;0;0;4;1.32;135.28;0;0;0;1;0;4.33;0;0;0;0;0;0;0;0;0;0;0;0;18;31;2,890.26,,,,,,,,,,,,,,,,,,,,,,,,,,,,,,,,,,,,,,,,,,
Ago;General;Baja;Otros;Público;BTCGSD14 (BT / Bombeo de Agua para Servicio Público de Agua);0;0;0;15;9.14;600.85;3;1.51;98.46;43;33.49;2,208.61;3;0.79;53.35;10;24.52;1,617.91;0;0;0;0;0;0;13;22.96;1,506.50;17;15.16;995.4;0;0;0,,,,,,,,,,,,,,,,,,,,,,,,,,,,,,,,,,,,,,,,
Ago;General;Baja;Otros;Público;BTCGCD40 (BT / Bombeo de Agua para Servicio Público de Agua con Demanda Horaria);0;0;0;5;6.18;385.44;0;0;0;15;76.58;5,057.03;0;0;0;0;0;0;1;3.51;275.78;0;0;0;0;0;0;0;0;0;80;647.13;42,848.27,,,,,,,,,,,,,,,,,,,,,,,,,,,,,,,,,,,,,,,,,
Ago;General;Baja;Comercial;Público;BTCGSD01 (BT / Comercial);1;0.02;2.97;15;3.48;359.22;186;109.19;11,113.90;54;44.26;4,598.02;16;7.56;776.12;20;10.07;1,018.20;82;69.45;7,006.13;312;61.59;6,539.84;1;1.43;145.19;52;17.07;1,754.43;15;4.72;481.64,,,,,,,,,,,,,,,,,,,,,,,,,,,,,,,,,,,,,
Ago;General;Baja;Comercial;Público;BTCGCD01 (BT / Comercial con Demanda);0;0;0;0;0;0;2;0.49;108.83;7;25.03;3,043.08;4;22.94;2,976.91;3;12.98;1,507.92;0;0;0;2;10.72;1,263.50;0;0;0;0;0;0;3;8.91;935.48,,,,,,,,,,,,,,,,,,,,,,,,,,,,,,,,,,,,,,,
Ago;General;Baja;Comercial;Público;BTCGCD31 (BT / Comercial con Demanda Horaria);0;0;0;0;0;0;0;0;0;0;0;0;0;0;0;0;0;0;0;0;0;0;0;0;0;0;0;0;0;0;3;10.02;927.76,,,,,,,,,,,,,,,,,,,,,,,,,,,,,,,,,,,,,,,,,,,
Ago;General;Baja;Otros;Público;BTCGSD09 (BT / Culto Religioso);0;0;0;6;1.79;102.48;4;0.16;10.98;1;0;1.41;2;0.02;3.57;0;0;0;2;1.22;63.48;3;0.51;22.18;1;0.16;7.09;1;0.33;13.97;8;0.35;23.42,,,,,,,,,,,,,,,,,,,,,,,,,,,,,,,,,,,,,,,,,,,
Ago;General;Baja;Otros;Público;BTCGCD32 (BT / Culto Religioso con Demanda);0;0;0;0;0;0;0;0;0;0;0;0;0;0;0;0;0;0;0;0;0;0;0;0;0;0;0;0;0;0;0;0;0,,,,,,,,,,,,,,,,,,,,,,,,,,,,,,,,,,,,,,,,,,,
Ago;General;Baja;Otros;Público;BTCGSD05 (BT / Entidades Oficiales);354;104.07;9,676.42;988;479.99;44,167.04;377;206.63;19,081.53;1,512;1,146.69;108,283.74;705;628.9;57,785.63;292;183.87;16,901.75;563;400.46;36,781.91;339;199.1;18,332.42;458;510.79;47,160.49;693;467.42;42,922.99;300;157.17;14,471.35,,,,,,,,,,,,,,,,,,,,,,,,,,,,,,
Ago;General;Baja;Otros;Público;BTCGCD07 (BT / Entidades Oficiales con Demanda);12;37.59;3,998.42;1;5.42;435.2;23;40.86;4,206.27;312;776.87;77,307.86;30;164.02;16,424.76;25;61.72;6,691.87;71;178.92;18,990.16;67;273.72;27,675.25;6;14.95;1,597.57;3;8.47;825.54;31;25.2;2,973.09,,,,,,,,,,,,,,,,,,,,,,,,,,,,,,,,,,
Ago;General;Baja;Otros;Público;BTCGCD35 (BT / Entidades Oficiales con Demanda Horaria);0;0;0;0;0;0;0;0;0;2;4.09;415.04;0;0;0;0;0;0;7;79.75;7,284.07;0;0;0;0;0;0;0;0;0;217;845.27;82,226.15,,,,,,,,,,,,,,,,,,,,,,,,,,,,,,,,,,,,,,,,,
Ago;General;Baja;Otros;Público;BTCGCD08 (BT / Escenarios Deportivos con Demanda);0;0;0;0;0;0;4;0.24;89.74;0;0;0;0;0;0;1;1.09;112.41;0;0;0;0;0;0;0;0;0;0;0;0;13;5.64;682.07,,,,,,,,,,,,,,,,,,,,,,,,,,,,,,,,,,,,,,,,,,,
Ago;General;Baja;Industrial;Público;BTCGSD02 (BT / Industrial Artesanal);0;0;0;0;0;0;0;0;0;0;0;0;0;0;0;0;0;0;0;0;0;0;0;0;1;0.37;29.29;0;0;0;0;0;0,,,,,,,,,,,,,,,,,,,,,,,,,,,,,,,,,,,,,,,,,,,
Ago;General;Baja;Industrial;Público;BTCGCD02 (BT / Industrial con Demanda);0;0;0;0;0;0;0;0;0;0;0;0;0;0;0;0;0;0;0;0;0;0;0;0;0;0;0;0;0;0;0;0;0,,,,,,,,,,,,,,,,,,,,,,,,,,,,,,,,,,,,,,,,,,,
Ago;General;Baja;Industrial;Público;BTCGCD30 (BT / Industrial con Demanda Horaria);0;0;0;0;0;0;0;0;0;0;0;0;0;0;0;0;0;0;0;0;0;0;0;0;0;0;0;0;0;0;2;7.06;681.33,,,,,,,,,,,,,,,,,,,,,,,,,,,,,,,,,,,,,,,,,,,
Ago;Alumbrado Público;NO APLICA;Alumbrado Público;Público;REFACTAL (Alumbrado Público / Refacturaciones y Reliquidaciones);0;0;0;0;0;0;0;2.08;0;0;0;0;0;0;0;0;0;0;0;0;0;0;0;0;0;0;0;0;0;0;0;0.33;-337.72,,,,,,,,,,,,,,,,,,,,,,,,,,,,,,,,,,,,,,,,,,,
Ago;Residencial;NO APLICA;Residencial;Público;REFACTRE (Residencial / Refacturaciones y Reliquidaciones);0;0;0;0;0;0;0;-1.84;-236.42;0;0;0;0;0;0;0;0;0;0;0;0;0;0;0;0;0;0;0;0;0;0;0;0,,,,,,,,,,,,,,,,,,,,,,,,,,,,,,,,,,,,,,,,,,,
Ago;General;Baja;Otros;Público;BTCGCD09 (BT / Otros con Demanda);0;0;0;0;0;0;0;0;0;0;0;0;0;0;0;0;0;0;0;0;0;0;0;0;0;0;0;0;0;0;0;0;0,,,,,,,,,,,,,,,,,,,,,,,,,,,,,,,,,,,,,,,,,,,
Ago;General;Baja;Otros;Público;BTCGCD37 (BT / Autoconsumo con Demana Horaria);0;0;0;0;0;0;0;0;0;0;0;0;0;0;0;0;0;0;0;0;0;0;0;0;0;0;0;0;0;0;0;0;0,,,,,,,,,,,,,,,,,,,,,,,,,,,,,,,,,,,,,,,,,,,
Ago;General;Baja;Otros;Público;BTCGCD38 (BT / Otros con Demanda Horaria);0;0;0;0;0;0;0;0;0;0;0;0;0;0;0;0;0;0;0;0;0;0;0;0;0;0;0;0;0;0;0;0;0,,,,,,,,,,,,,,,,,,,,,,,,,,,,,,,,,,,,,,,,,,,
Ago;General;Baja;Otros;Público;BTCGSD08 (BT / Otros);0;0;0;0;0;0;0;0;0;0;0;0;0;0;0;0;0;0;0;0;0;0;0;0;0;0;0;0;0;0;0;0;0,,,,,,,,,,,,,,,,,,,,,,,,,,,,,,,,,,,,,,,,,,,
Ago;General;Baja;Otros;Público;BTCGSD12 (BT / Escenarios Deportivos);0;0;0;19;2.7;253.96;0;0;0;1;0.49;41.87;1;1.43;131.1;11;2.97;271.14;15;5.58;509.24;2;1.6;144.75;8;1.49;138.32;11;2.76;253.53;6;1.31;121.43,,,,,,,,,,,,,,,,,,,,,,,,,,,,,,,,,,,,,,,,,,,
Ago;Residencial;Baja;Residencial;Público;BTCRSD02 (BT / Residencial Temporal);0;0;0;0;0;0;0;0;0;0;0;0;0;0;0;0;0;0;0;0;0;0;0;0;11;0.77;114.97;0;0;0;0;0;0,,,,,,,,,,,,,,,,,,,,,,,,,,,,,,,,,,,,,,,,,,,
Ago;General;Baja;Otros;Público;BTCGSD13 (BT / Bombeo de Agua);1;0.14;11.49;0;0;0;6;3.62;292.34;1;0.95;78.33;55;68.59;5,642.71;19;11.48;933.8;23;11.09;922.07;74;96.14;7,907.12;0;0;0;23;21.4;1,759.32;0;0;0,,,,,,,,,,,,,,,,,,,,,,,,,,,,,,,,,,,,,,,,
Ago;General;Baja;Otros;Público;BTCGCD12 (BT / Ocasional);0;0;0;0;0;0;0;0;0;0;0;0;0;0;0;0;0;0;0;0;0;0;0;0;0;0;0;0;0;0;0;0;0,,,,,,,,,,,,,,,,,,,,,,,,,,,,,,,,,,,,,,,,,,,
Ago;General;Baja;Otros;Público;BTCGSD11 (BT / Servicio Comunitario);0;0;0;3;0.2;20.62;3;0.26;25.14;19;6.3;577.25;8;2.38;223.38;0;0;0;6;2.81;258.53;0;0;0;0;0;0;1;0;1.41;0;0;0,,,,,,,,,,,,,,,,,,,,,,,,,,,,,,,,,,,,,,,,,,,
Ago;General;Baja;Otros;Público;BTCGCD11 (BT / Servicio Comunitario con Demanda);0;0;0;0;0;0;0;0;0;8;16.38;1,772.18;2;0.34;158.88;0;0;0;0;0;0;0;0;0;0;0;0;0;0;0;0;0;0,,,,,,,,,,,,,,,,,,,,,,,,,,,,,,,,,,,,,,,,,,
Ago;General;Baja;Otros;Público;BTCGCD36 (BT / Escenarios Deportivos con Demanda Horaria);0;0;0;0;0;0;0;0;0;0;0;0;0;0;0;0;0;0;0;0;0;0;0;0;0;0;0;0;0;0;5;14.3;1,618.2,,,,,,,,,,,,,,,,,,,,,,,,,,,,,,,,,,,,,,,,,,
Ago;General;Baja;Otros;Público;BTCGCD39 (BT / Servicio Comunitario con Demanda Horaria);0;0;0;0;0;0;0;0;0;0;0;0;0;0;0;0;0;0;0;0;0;0;0;0;0;0;0;0;0;0;0;0;0,,,,,,,,,,,,,,,,,,,,,,,,,,,,,,,,,,,,,,,,,,,
Ago;Residencial;Baja;Residencial;Público;BTCRSD01 (BT / Residencial);0;0;0;532;60.55;6,762.18;505;123.93;13,702.38;208;41.06;4,512.95;213;22.61;2,531.71;82;23.31;2,578.27;537;115.23;13,619.34;111;22.6;2,453.13;116;13.11;1,416.22;109;13.86;1,554.67;0;0;0,,,,,,,,,,,,,,,,,,,,,,,,,,,,,,,,,,
Ago;General;Baja;Otros;Público;BTCGCD41 (BT / Vehículos Eléctricos con Demanda Horaria);0;0;0;0;0;0;0;0;0;0;0;0;0;0;0;0;0;0;0;0;0;0;0;0;0;0;0;0;0;0;0;0;0,,,,,,,,,,,,,,,,,,,,,,,,,,,,,,,,,,,,,,,,,,,
Ago;General;Media;Otros;Público;MTCGCD05 (MT / Abonados Especiales con Demanda);0;0;0;0;0;0;0;0;0;0;0;0;0;0;0;0;0;0;0;0;0;0;0;0;0;0;0;0;0;0;0;0;0,,,,,,,,,,,,,,,,,,,,,,,,,,,,,,,,,,,,,,,,,,,
Ago;General;Media;Otros;Público;MTCGCD06 (MT / Abonados Especiales con Demanda Horaria);0;0;0;0;0;0;0;0;0;0;0;0;0;0;0;0;0;0;0;0;0;0;0;0;0;0;0;0;0;0;0;0;0,,,,,,,,,,,,,,,,,,,,,,,,,,,,,,,,,,,,,,,,,,,
Ago;General;Media;Otros;Público;MTCGCD07 (MT / Asistencia Social con Demanda);14;103.73;8,203.62;18;22.65;1,928.14;18;120.52;9,241.77;32;431.21;31,300.95;23;392.72;29,452.05;25;266.31;20,402.50;60;178.25;14,242.21;12;224.91;16,553.94;10;274.1;19,917.61;16;119.17;9,155.17;0;0;0,,,,,,,,,,,,,,,,,,,,,,,,,,,,,,,,,
Ago;General;Media;Otros;Público;MTCGCD08 (MT / Asistencia Social con Demanda Horaria);0;0;0;38;1,304.17;88,696.41;10;807.86;53,965.59;20;5,418.75;328,932.82;4;569.02;38,005.53;2;473.72;32,079.34;34;2,511.52;167,074.79;1;257.04;16,813.28;0;0;0;10;680.01;45,781.46;7;212.63;14,428.45,,,,,,,,,,,,,,,,,,,,,,,,,,,,,,,
Ago;General;Media;Otros;Público;MTCGCD09 (MT / Beneficio Público con Demanda);34;93.19;7,381.87;34;41.54;3,334.91;56;331.39;27,524.51;63;1,278.22;90,153.12;43;467.13;37,662.18;34;160.01;12,945.53;214;519.3;43,888.29;16;112.82;9,057.29;15;62.59;4,898.96;34;167.15;13,113.51;0;0;0,,,,,,,,,,,,,,,,,,,,,,,,,,,,,,,,
Ago;General;Media;Otros;Público;MTCGCD10 (MT / Beneficio Público con Demanda Horaria);0;0;0;29;600.79;41,902.08;5;59.83;4,488.84;21;1,860.93;119,309.03;4;44.8;3,118.45;2;56.23;3,962.08;20;1,145.90;81,937.73;0;0;0;0;0;0;3;46.33;3,352.83;10;89.94;6,272.74,,,,,,,,,,,,,,,,,,,,,,,,,,,,,,,,,
Ago;General;Media;Otros;Público;MTCGCD30 (MT / Bombeo de agua comunidades campesinas);0;0;0;0;0;0;0;0;0;0;0;0;2;0.35;15.44;0;0;0;0;0;0;0;0;0;2;16.54;662.97;0;0;0;0;0;0,,,,,,,,,,,,,,,,,,,,,,,,,,,,,,,,,,,,,,,,,,,
Ago;General;Media;Otros;Público;MTCGCD11 (MT / Bombeo de Agua con Demanda);0;0;0;2;0.09;60.85;31;154.47;14,107.71;2;18.31;1,164.31;166;1,301.94;105,900.80;86;897.95;72,854.06;64;106.05;9,901.82;49;1,554.27;111,198.47;5;25.76;1,958.43;32;277.07;21,571.25;0;0;0,,,,,,,,,,,,,,,,,,,,,,,,,,,,,,,,,
Ago;General;Media;Otros;Público;MTCGCD12 (MT / Bombeo de Agua con Demanda Horaria);0;0;0;1;16.13;1,167.99;4;188.7;15,744.83;5;1,297.10;75,732.38;8;49.52;5,904.34;1;43.6;2,958.10;65;606.1;48,643.56;1;30.11;2,043.49;2;655.74;42,387.71;0;0;0;3;9.58;1,864.16,,,,,,,,,,,,,,,,,,,,,,,,,,,,,,,,,
Ago;General;Media;Comercial;Público;MTCGCD01 (MT / Comercial con Demanda);0;0;0;0;0;0;8;21.14;2,498.86;5;59.16;6,384.92;12;76;9,407.43;6;11.08;1,351.22;23;261.42;28,936.45;20;333.1;37,758.26;0;0;0;2;11.34;1,222.73;0;0;0,,,,,,,,,,,,,,,,,,,,,,,,,,,,,,,,,,,,
Ago;General;Media;Comercial;Público;MTCGCD02 (MT / Comercial con Demanda Horaria);0;0;0;0;0;0;0;0;0;0;0;0;1;3.75;436.52;1;59.86;5,831.30;8;173.9;17,688.37;0;0;0;0;0;0;0;0;0;0;0;0,,,,,,,,,,,,,,,,,,,,,,,,,,,,,,,,,,,,,,,,,
Ago;General;Media;Otros;Público;MTCGCD13 (MT / Entidades Oficiales Con Demanda);98;181.14;16,627.60;205;287.62;27,266.70;175;1,145.01;105,439.89;211;3,185.89;245,539.31;292;1,920.67;178,027.12;134;613.38;58,160.12;510;1,617.69;151,763.08;37;459.03;40,677.24;137;1,132.25;106,570.42;123;653.99;60,399.89;0;0;0,,,,,,,,,,,,,,,,,,,,,,,,,,,,
Ago;General;Media;Otros;Público;MTCGCD14 (MT / Entidades Oficiales Con Demanda Horaria);0;0;0;160;1,677.57;137,821.87;15;1,208.92;95,665.61;125;6,560.01;448,270.91;9;153.91;14,083.67;6;129.09;9,981.35;119;2,414.88;192,640.21;1;116.13;10,119.77;2;223.18;17,777.95;39;1,892.87;146,041.81;31;1,294.07;103,272.42,,,,,,,,,,,,,,,,,,,,,,,,,,,
Ago;General;Media;Otros;Público;MTCGCD15 (MT / Escenarios Deportivos con Demanda);0;0;0;5;5.72;487.7;0;0;0;1;0;27.95;0;0;0;6;14.85;1,600.78;5;1.46;310.57;0;0;0;4;1.92;357.73;2;7.78;2,026.01;0;0;0,,,,,,,,,,,,,,,,,,,,,,,,,,,,,,,,,,,,,,,,,
Ago;General;Media;Otros;Público;MTCGCD16 (MT / Escenarios Deportivos con Demanda Horaria);0;0;0;0;0;0;0;0;0;1;28;2,346.55;0;0;0;0;0;0;7;50.87;5,561.34;0;0;0;0;0;0;0;0;0;0;0;0,,,,,,,,,,,,,,,,,,,,,,,,,,,,,,,,,,,,,,,,,
Ago;General;Media;Otros;Público;MTCGCD25 (MT / Estación de Carga Rápida con Demanda Horaria Diferenciada);0;0;0;0;0;0;0;0;0;4;60.42;3,931.32;0;0;0;0;0;0;0;0;0;0;0;0;0;0;0;0;0;0;0;0;0,,,,,,,,,,,,,,,,,,,,,,,,,,,,,,,,,,,,,,,,,,
Ago;General;Media;Otros;Público;MTCGCD31 (MT / Estacionales y Ocasionales);0;0;0;0;0;0;0;0;0;0;0;0;0;0;0;0;0;0;0;0;0;0;0;0;0;0;0;0;0;0;0;0;0,,,,,,,,,,,,,,,,,,,,,,,,,,,,,,,,,,,,,,,,,,,
Ago;General;Media;Industrial;Público;MTCGCD03 (MT / Industrial con Demanda);0;0;0;0;0;0;1;1.49;372.57;0;0;0;0;0;0;0;0;0;0;0;0;0;0;0;4;129.53;18,726.56;0;0;0;0;0;0,,,,,,,,,,,,,,,,,,,,,,,,,,,,,,,,,,,,,,,,,,
Ago;General;Media;Industrial;Público;MTCGCD32 (MT / Industrial con Demanda Horaria Diferenciada);0;0;0;0;0;0;3;1,424.39;134,467.78;0;0;0;0;0;0;1;0;4.16;0;0;0;0;0;0;0;0;0;0;0;0;1;132.58;13,862.93,,,,,,,,,,,,,,,,,,,,,,,,,,,,,,,,,,,,,,,,
Ago;General;NO APLICA;Industrial;Público;REFACTIN (Industrial / Refacturaciones y Reliquidaciones);0;0;0;0;0;0;0;0;0;0;0;0;0;0;0;0;0;0;0;0;0;0;0;0;0;0;0;0;0;0;0;0;0,,,,,,,,,,,,,,,,,,,,,,,,,,,,,,,,,,,,,,,,,,,
Ago;General;Media;Otros;Público;MTCGCD36 (MT / Autoconsumo con Demanda Horaria);0;0;0;0;0;0;0;0;0;0;0;0;0;0;0;0;0;0;0;0;0;0;0;0;0;0;0;0;0;0;0;0;0,,,,,,,,,,,,,,,,,,,,,,,,,,,,,,,,,,,,,,,,,,,
Ago;General;Media;Otros;Público;MTCGCD37 (MT / Autoconsumo con Demanda);0;0;0;0;0;0;0;0;0;0;0;0;1;0;4.86;0;0;0;0;0;0;0;0;0;0;0;0;0;0;0;0;0;0,,,,,,,,,,,,,,,,,,,,,,,,,,,,,,,,,,,,,,,,,,,
Ago;General;Media;Otros;Público;MTCGCD19 (MT / Otros con Demanda);0;0;0;0;0;0;0;0;0;0;0;0;0;0;0;0;0;0;0;0;0;0;0;0;0;0;0;0;0;0;0;0;0,,,,,,,,,,,,,,,,,,,,,,,,,,,,,,,,,,,,,,,,,,,
Ago;General;NO APLICA;Comercial;Público;REFACTCO (Comercial / Refacturaciones y Reliquidaciones);0;0;0;0;0;0;0;0;1.4;0;0;0;0;0;0;0;0;0;0;0;0;0;0;0;0;0;0;0;0;0;0;0;0,,,,,,,,,,,,,,,,,,,,,,,,,,,,,,,,,,,,,,,,,,,
Ago;General;Media;Otros;Público;MTCGCD35 (MT / Servicio Comunitario con Demanda);0;0;0;0;0;0;0;0;0;6;40.64;3,145.33;4;3.49;319.39;0;0;0;1;0.9;130.52;0;0;0;0;0;0;0;0;0;0;0;0,,,,,,,,,,,,,,,,,,,,,,,,,,,,,,,,,,,,,,,,,,
Ago;General;Media;Otros;Público;MTCGCD34 (MT / Servicio Comunitario con Demanda Horaria);0;0;0;0;0;0;0;0;0;0;0;0;0;0;0;0;0;0;0;0;0;0;0;0;0;0;0;0;0;0;0;0;0,,,,,,,,,,,,,,,,,,,,,,,,,,,,,,,,,,,,,,,,,,,
Ago;General;Media;Otros;Público;MTCGCD39 (MT / Bombeo de Agua para Servicio Público de Agua con Demanda Horaria);0;0;0;44;1,285.74;60,827.27;9;240.36;11,427.85;28;1,228.02;60,997.79;18;990.35;51,223.95;6;49.31;2,682.20;62;3,906.19;190,459.54;0;0;0;0;0;0;31;514.8;26,003.21;4;430.56;20,89.33,,,,,,,,,,,,,,,,,,,,,,,,,,,,,,,,
Ago;General;Alta;Otros;Público;ATCGCD14 (AT / Asistencia Social con Demanda Horaria);0;0;0;0;0;0;0;0;0;0;0;0;1;429.68;28,522.67;0;0;0;1;776.8;51,174.58;0;0;0;0;0;0;0;0;0;0;0;0,,,,,,,,,,,,,,,,,,,,,,,,,,,,,,,,,,,,,,,,,
Ago;General;Alta;Otros;Público;ATCGCD15 (AT / Beneficio Público con Demanda Horaria);0;0;0;0;0;0;0;0;0;0;0;0;0;0;0;0;0;0;0;0;0;1;334.11;23,597.42;0;0;0;0;0;0;0;0;0,,,,,,,,,,,,,,,,,,,,,,,,,,,,,,,,,,,,,,,,,,
Ago;General;Alta;Otros;Público;ATCGCD03 (AT / Abonados Especiales con Demanda Horaria);0;0;0;0;0;0;0;0;0;0;0;0;0;0;0;0;0;0;0;0;0;0;0;0;0;0;0;0;0;0;0;0;0,,,,,,,,,,,,,,,,,,,,,,,,,,,,,,,,,,,,,,,,,,,
Ago;General;Alta;Otros;Público;ATCGCD04 (AT / Bombeo de Agua con Demanda Horaria);0;0;0;0;0;0;0;0;0;2;2,224.10;111,818.30;1;2,840.45;193,724.88;0;0;0;0;0;0;0;0;0;0;0;0;0;0;0;0;0;0,,,,,,,,,,,,,,,,,,,,,,,,,,,,,,,,,,,,,,,
Ago;General;Alta;Otros;Público;ATCGCD16 (AT / Estación de Carga Rápida con Demanda Horaria Diferenciada);0;0;0;0;0;0;0;0;0;0;0;0;0;0;0;0;0;0;0;0;0;0;0;0;0;0;0;0;0;0;0;0;0,,,,,,,,,,,,,,,,,,,,,,,,,,,,,,,,,,,,,,,,,,,
Ago;General;Alta;Industrial;Público;ATCGCD07 (AT / Industrial con Demanda Horaria Diferenciada);0;0;0;0;0;0;1;9,747.69;979,014.25;0;0;0;0;0;0;0;0;0;0;0;0;0;0;0;2;2,019.33;181,709.76;0;0;0;0;0;0,,,,,,,,,,,,,,,,,,,,,,,,,,,,,,,,,,,,,,,
Ago;General;NO APLICA;Otros;Público;REFACTOT (Otros / Refacturaciones y Reliquidaciones);0;0;0;0;0;0;0;9.21;370.11;0;0;0;0;0;0;0;0;0;0;0;0;0;0;0;0;0;0;0;0;0;0;-14.07;657.97,,,,,,,,,,,,,,,,,,,,,,,,,,,,,,,,,,,,,,,,,,,
Ago;General;Alta;Otros;Público;ATCGCD08 (AT / Servicio Comunitario con Demanda Horaria);0;0;0;0;0;0;0;0;0;0;0;0;0;0;0;0;0;0;0;0;0;0;0;0;0;0;0;0;0;0;0;0;0,,,,,,,,,,,,,,,,,,,,,,,,,,,,,,,,,,,,,,,,,,,
Ago;General;Alta;Otros;Público;ATCGCD12 (AT / Autoconsumo con Demanda Horaria);0;0;0;0;0;0;0;0;0;0;0;0;0;0;0;0;0;0;0;0;0;0;0;0;0;0;0;0;0;0;0;0;0,,,,,,,,,,,,,,,,,,,,,,,,,,,,,,,,,,,,,,,,,,,
Ago;General;Alta;Otros;Público;ATCGCD05 (AT / Otros con Demanda Horaria);0;0;0;0;0;0;0;0;0;0;0;0;0;0;0;0;0;0;0;0;0;0;0;0;0;0;0;0;0;0;0;0;0,,,,,,,,,,,,,,,,,,,,,,,,,,,,,,,,,,,,,,,,,,,
Ago;General;Alta;Comercial;Público;ATCGCD09 (AT / Comercial con Demanda Horaria);0;0;0;0;0;0;0;0;0;0;0;0;0;0;0;0;0;0;0;0;0;0;0;0;0;0;0;0;0;0;0;0;0,,,,,,,,,,,,,,,,,,,,,,,,,,,,,,,,,,,,,,,,,,,
Ago;General;Alta;Otros;Público;ATCGCD10 (AT / Entidades Oficiales con Demanda Horaria);0;0;0;2;2,621.22;179,829.91;0;0;0;6;3,035.83;191,301.93;2;287.14;20,498.63;0;0;0;0;0;0;0;0;0;1;384;27,966.21;2;1,035.95;76,990.89;0;0;0,,,,,,,,,,,,,,,,,,,,,,,,,,,,,,,,,,,
Ago;General;Alta;Otros;Público;ATCGCD11 (AT / Escenarios Deportivos con Demanda Horaria);0;0;0;0;0;0;0;0;0;0;0;0;0;0;0;0;0;0;0;0;0;0;0;0;0;0;0;0;0;0;0;0;0,,,,,,,,,,,,,,,,,,,,,,,,,,,,,,,,,,,,,,,,,,,
Ago;General;Alta;Otros;Público;ATCGCD13 (AT / Bombeo de Agua para Servicio Público de Agua con Demanda Horaria);0;0;0;0;0;0;1;2,951.31;132,249.68;1;768.8;32,863.93;1;11,983.95;495,960.66;0;0;0;6;8,582.98;364,891.71;0;0;0;0;0;0;0;0;0;0;0;0,,,,,,,,,,,,,,,,,,,,,,,,,,,,,,,,,,,,
Ago;General;Alta;Industrial;Público;EATCGCD1 (AT / Industrial con Demanda Horaria Diferenciada - AT1);0;0;0;0;0;0;0;0;0;0;0;0;0;0;0;0;0;0;0;0;0;0;0;0;0;0;0;0;0;0;1;33,189.41;2,263,940.63,,,,,,,,,,,,,,,,,,,,,,,,,,,,,,,,,,,,,,,,
Ago;General;Baja;Otros;Privado;BTCGSD06 (BT / Abonados Especiales con Demanda);0;0;0;0;0;0;0;0;0;0;0;0;0;0;0;0;0;0;0;0;0;0;0;0;0;0;0;0;0;0;0;0;0,,,,,,,,,,,,,,,,,,,,,,,,,,,,,,,,,,,,,,,,,,,
Ago;General;Baja;Otros;Privado;BTCGSD10 (BT / Abonados Especiales con Demanda Horaria);0;0;0;0;0;0;0;0;0;0;0;0;0;0;0;0;0;0;0;0;0;0;0;0;0;0;0;0;0;0;0;0;0,,,,,,,,,,,,,,,,,,,,,,,,,,,,,,,,,,,,,,,,,,,
Ago;General;Baja;Otros;Privado;NDCGCD01 (BT / Asistencia Social con Demanda Horaria);0;0;0;0;0;0;0;0;0;0;0;0;0;0;0;0;0;0;0;0;0;0;0;0;0;0;0;0;0;0;4;7.15;627.32,,,,,,,,,,,,,,,,,,,,,,,,,,,,,,,,,,,,,,,,,,,
Ago;General;Baja;Otros;Privado;BTCGCD21 (BT / Bombeo de Agua Comunidades Campesinas);0;0;0;23;31.82;1,289.61;14;15.32;668.02;3;0.82;35.06;333;218.57;8,976.68;40;24.52;1,008.94;931;830.3;33,863.90;9;8.43;343.57;11;11.61;472.24;40;40.81;1,660.24;114;77.07;3,161.94,,,,,,,,,,,,,,,,,,,,,,,,,,,,,,,,,,,,,
Ago;General;Baja;Otros;Privado;BTCGCD06 (BT / Bombeo de Agua con Demanda);0;0;0;0;0;0;14;4.75;589.39;36;110.66;10,359.59;80;121.75;47,434.36;2;4.09;414.71;28;149.37;13,064.19;11;46.4;4,197.04;1;34.57;2,482.46;1;7.08;588.46;19;10.62;1,235.94,,,,,,,,,,,,,,,,,,,,,,,,,,,,,,,,,,,,,
Ago;General;Baja;Otros;Privado;BTCGCD34 (BT / Bombeo de Agua con Demanda Horaria);0;0;0;0;0;0;0;0;0;5;14.91;1,284.36;0;0;0;8;228.96;16,802.27;2;35.61;2,819.32;0;0;0;0;0;0;0;0;0;4;12.7;1,51.04,,,,,,,,,,,,,,,,,,,,,,,,,,,,,,,,,,,,,,,
Ago;General;Baja;Comercial;Privado;BTCGSD01 (BT / Comercial);3,539;966.91;98,432.23;17,526;7,775.80;771,475.65;6,763;2,923.45;296,811.31;67,663;31,954.68;3,244,033.55;17,492;10,091.86;1,24,830.05;6,915;2,937.36;297,301.67;16,043;8,414.26;855,165.21;10,935;4,305.42;439,406.55;6,166;2,391.36;241,332.11;26,047;8,759.74;890,496.14;11,653;4,782.00;485,469.34,,,,,,,,,
Ago;General;Baja;Comercial;Privado;BTCGCD01 (BT / Comercial con Demanda);12;27.47;2,960.27;1;0.59;81.14;95;192.41;22,583.96;4,502;15,640.26;1,735,593.74;1,084;4,689.67;529,946.86;63;161.64;19,055.78;109;248.12;28,658.45;322;992.75;110,307.09;41;129.38;14,411.30;27;86.91;9,119.54;98;114.43;13,722.26,,,,,,,,,,,,,,,,,,,,,,,,,,,,
Ago;General;Baja;Comercial;Privado;BTCGCD31 (BT / Comercial con Demanda Horaria);0;0;0;0;1.54;219.02;0;0;0;43;419.72;42,001.54;0;0;0;0;0;0;22;178.73;18,757.06;2;6.55;627.11;0;0;0;0;0;0;607;2,852.51;297,279.52,,,,,,,,,,,,,,,,,,,,,,,,,,,,,,,,,,,,,,,
Ago;General;Baja;Otros;Privado;BTCGSD09 (BT / Culto Religioso);320;23.81;1,404.08;543;119.69;6,615.77;443;102.26;5,418.11;470;213.26;19,002.06;942;256.57;13,757.84;438;88.29;4,679.18;375;120.17;6,403.89;427;85.15;4,426.50;193;43.08;2,209.10;736;133.73;7,144.30;406;56.06;3,2.73,,,,,,,,,,,,,,,,,,,,,,,,,,,,,,,,
Ago;General;Baja;Otros;Privado;BTCGCD32 (BT / Culto Religioso con Demanda);1;0.05;13.77;0;0;0;0;0;0;57;78;7,981.93;3;4.73;532.84;3;3.34;331.32;0;0;0;15;19.59;2,209.24;0;0;0;0;0;0;0;0;0,,,,,,,,,,,,,,,,,,,,,,,,,,,,,,,,,,,,,,,,,
Ago;General;Baja;Otros;Privado;BTCGCD08 (BT / Escenarios Deportivos con Demanda);1;2.24;234.71;0;0;0;0;0;0;9;31.12;3,283.13;0;0;0;3;1.52;275.91;2;4.19;478.56;1;0.11;63.73;0;0;57.9;0;0;0;0;0;0,,,,,,,,,,,,,,,,,,,,,,,,,,,,,,,,,,,,,,,,,,
Ago;General;Baja;Industrial;Privado;BTCGSD02 (BT / Industrial Artesanal);90;16.21;1,357.78;839;308.64;26,214.49;219;54.67;4,585.72;817;443.48;39,500.11;170;86.73;7,364.92;188;55.64;4,717.56;277;159.09;13,614.59;25;8.64;725.25;78;30.65;2,574.50;89;30.23;2,543.92;215;79.06;6,625.47,,,,,,,,,,,,,,,,,,,,,,,,,,,,,,,,,
Ago;General;Baja;Industrial;Privado;BTCGCD02 (BT / Industrial con Demanda);4;2.25;394.07;0;0;0;5;4.66;617.28;478;1,201.87;133,342.81;13;22.69;2,999.73;4;0.95;148.77;46;74.9;8,791.46;45;24.11;3,153.19;0;0;0;0;0;0;11;9.39;1,17.12,,,,,,,,,,,,,,,,,,,,,,,,,,,,,,,,,,,,,
Ago;General;Baja;Industrial;Privado;BTCGCD30 (BT / Industrial con Demanda Horaria);0;0;0;0;0;0;0;0;0;1;4.77;410.46;2;46.27;3,533.73;6;17.15;2,576.84;25;187.4;23,883.46;1;11.41;946.27;0;0;0;0;0;0;167;885.55;76,48.86,,,,,,,,,,,,,,,,,,,,,,,,,,,,,,,,,,,,,,,
Ago;Alumbrado Público;NO APLICA;Alumbrado Público;Privado;REFACTAL (Alumbrado Público / Refacturaciones y Reliquidaciones);0;0;0;0;0;0;0;0;0;0;0;0;0;0;0;0;0;0;0;0;0;0;0;0;0;0;0;0;0;0;0;0;0,,,,,,,,,,,,,,,,,,,,,,,,,,,,,,,,,,,,,,,,,,,
Ago;Residencial;NO APLICA;Residencial;Privado;REFACTRE (Residencial / Refacturaciones y Reliquidaciones);0;0;0;0;0;0;0;-198.65;-43,467.38;0;0;0;0;0;0;0;0;0;0;0;0;0;0;0;0;0;0;0;0;0;0;29.86;-4,8.75,,,,,,,,,,,,,,,,,,,,,,,,,,,,,,,,,,,,,,,,,
Ago;Residencial;Baja;Residencial;Privado;BTCRSD01 (BT / Residencial);63,948;4,292.17;490,626.05;229,472;30,729.39;3,311,991.46;99,326;13,366.51;1,453,733.13;543,943;121,401.51;12,328,631.86;288,396;63,686.93;7,905,893.61;117,981;14,920.59;1,613,519.60;293,277;47,449.18;5,136,312.26;128,437;17,815.76;1,918,263.38;71,461;9,499.76;1,123,843.90;217,657;24,713.73;2,662,329.74;86,655;12,697.75;1,395,670.74
Ago;Residencial;Baja;Residencial;Privado;BTCRSD02 (BT / Residencial Temporal);0;0;0;0;0;0;5,798;1,013.57;138,256.71;2,048;152.11;22,462.49;0;0;0;0;0;0;300;24.82;3,612.59;0;0;0;11,460;1,196.17;169,747.11;0;0;0;31;20.04;2,724.9,,,,,,,,,,,,,,,,,,,,,,,,,,,,,,,,,
Ago;Residencial;Baja;Residencial;Privado;BTCRSD03 (BT / Residencial para el Programa PEC);3,227;397.41;30,887.75;25,841;4,335.28;368,873.05;16,098;2,706.54;232,078.74;92,688;21,119.68;1,743,220.79;52,796;10,696.72;917,602.31;21,105;3,240.45;276,099.48;36,089;7,418.76;636,540.02;21,839;3,842.01;319,986.54;14,804;2,338.68;198,498.76;25,328;3,735.45;314,874.05;9,757;2,085.53;182,967.4,,,,,,,,,,
Ago;General;Baja;Otros;Privado;BTCGCD04 (BT / Autoconsumo con Demanda);0;0;0;0;0;0;0;0;0;0;0;0;0;0;0;0;0;0;0;0;0;0;0;0;0;0;0;0;0;0;0;0;0,,,,,,,,,,,,,,,,,,,,,,,,,,,,,,,,,,,,,,,,,,,
Ago;General;Baja;Otros;Privado;BTCGCD03 (BT / Asistencia Social con Demanda);0;0;0;0;0;0;0;0;0;74;210.37;16,193.71;3;8.7;757.48;1;20.1;1,486.06;2;1.68;142.41;1;0.37;39.12;0;0;0;0;0;0;3;1.72;164.17,,,,,,,,,,,,,,,,,,,,,,,,,,,,,,,,,,,,,,,,,
Ago;General;Baja;Otros;Privado;BTCGCD05 (BT / Beneficio Público con Demanda);0;0;0;0;0;0;0;0;0;1;5.25;371.54;0;0;0;0;0;0;0;0;0;0;0;0;0;0;0;0;0;0;1;0.23;51.43,,,,,,,,,,,,,,,,,,,,,,,,,,,,,,,,,,,,,,,,,,,
Ago;General;Baja;Otros;Privado;BTCGCD09 (BT / Otros con Demanda);0;0;0;0;0;0;0;0;0;0;0;0;0;0;0;0;0;0;0;0;0;0;0;0;0;0;0;0;0;0;0;0;0,,,,,,,,,,,,,,,,,,,,,,,,,,,,,,,,,,,,,,,,,,,
Ago;General;Baja;Otros;Privado;BTCGCD20 (BT / Beneficio Público con Demanda Horaria);0;0;0;0;0;0;0;0;0;0;0;0;0;0;0;0;0;0;0;0;0;0;0;0;0;0;0;0;0;0;7;9.29;937.68,,,,,,,,,,,,,,,,,,,,,,,,,,,,,,,,,,,,,,,,,,,
Ago;General;Baja;Otros;Privado;BTCGCD37 (BT / Autoconsumo con Demana Horaria);0;0;0;0;0;0;0;0;0;0;0;0;0;0;0;0;0;0;0;0;0;0;0;0;0;0;0;0;0;0;0;0;0,,,,,,,,,,,,,,,,,,,,,,,,,,,,,,,,,,,,,,,,,,,
Ago;General;Baja;Otros;Privado;BTCGCD38 (BT / Otros con Demanda Horaria);0;0;0;0;0;0;0;0;0;0;0;0;0;0;0;0;0;0;0;0;0;0;0;0;0;0;0;0;0;0;0;0;0,,,,,,,,,,,,,,,,,,,,,,,,,,,,,,,,,,,,,,,,,,,
Ago;General;Baja;Otros;Privado;BTCGSD03 (BT / Asistencia Social);0;0;0;23;8.25;437.2;38;15.12;839.21;377;233.99;21,791.42;44;19.32;1,021.31;25;7.52;399.31;189;71.18;3,938.33;1;0.43;20.34;14;9.33;561.6;4;2.06;111.15;55;15.51;885.44,,,,,,,,,,,,,,,,,,,,,,,,,,,,,,,,,,,,,,,,
Ago;General;Baja;Otros;Privado;BTCGSD04 (BT / Beneficio Público);0;0;0;2;0.49;25.76;51;12.25;651.71;1;4.66;478.1;15;7.1;398.89;22;10.15;591.41;26;9.48;498.38;5;2.22;132.21;17;4.89;254.68;58;11.35;643.89;59;13.09;729.89,,,,,,,,,,,,,,,,,,,,,,,,,,,,,,,,,,,,,,,,,,,
Ago;General;Baja;Otros;Privado;BTCGSD08 (BT / Otros);0;0;0;0;0;0;0;0;0;0;0;0;0;0;0;0;0;0;0;0;0;0;0;0;0;0;0;0;0;0;0;0;0,,,,,,,,,,,,,,,,,,,,,,,,,,,,,,,,,,,,,,,,,,,
Ago;General;Baja;Otros;Privado;BTCGSD12 (BT / Escenarios Deportivos);10;0.66;68.47;32;10.43;960.78;0;0;0;4;5.55;539.26;5;1.13;106.17;11;3.91;360.24;7;1.7;155.34;4;2.74;251.08;6;1.93;176.4;18;7.54;695.34;8;1.84;170.26,,,,,,,,,,,,,,,,,,,,,,,,,,,,,,,,,,,,,,,,,,,
Ago;General;Baja;Otros;Privado;BTCGSD13 (BT / Bombeo de Agua);17;2.78;236.57;53;66.72;5,506.66;59;21.41;1,741.51;25;12.24;1,019.51;392;303.44;24,944.05;75;45.94;3,743.50;332;153.72;12,632.00;53;40.74;3,326.31;28;12.84;1,040.29;135;110.61;9,071.78;0;0;0,,,,,,,,,,,,,,,,,,,,,,,,,,,,,,,,,,
Ago;General;Baja;Otros;Privado;BTCGCD12 (BT / Ocasional);0;0;0;0;0;0;0;0;0;0;0;0;0;0;0;0;0;0;0;0;0;0;0;0;0;0;0;0;0;0;0;0;0,,,,,,,,,,,,,,,,,,,,,,,,,,,,,,,,,,,,,,,,,,,
Ago;General;Baja;Otros;Privado;BTCGSD11 (BT / Servicio Comunitario);0;0;0;57;27.66;2,551.31;47;40.65;3,707.99;734;242.15;21,823.66;928;623.62;57,552.01;1;0.08;7.56;66;44.77;4,091.28;1;0.51;45.35;297;526.4;48,645.77;138;31.31;2,658.43;43;5.61;543.5,,,,,,,,,,,,,,,,,,,,,,,,,,,,,,,,,,,,
Ago;General;Baja;Otros;Privado;BTCGCD11 (BT / Servicio Comunitario con Demanda);0;0;0;0;0;0;2;3.91;370.36;281;526.77;53,477.60;157;652.33;66,580.94;1;5.4;513.95;22;61.69;6,053.17;0;0;0;1;11.95;957.68;0;0;0;0;0;0,,,,,,,,,,,,,,,,,,,,,,,,,,,,,,,,,,,,,,,,
Ago;General;Baja;Otros;Privado;BTCGCD36 (BT / Escenarios Deportivos con Demanda Horaria);0;0;0;0;0;0;0;0;0;0;0;0;0;0;0;0;0;0;0;0;0;0;0;0;0;0;0;0;0;0;0;0;0,,,,,,,,,,,,,,,,,,,,,,,,,,,,,,,,,,,,,,,,,,,
Ago;General;Baja;Otros;Privado;BTCGCD39 (BT / Servicio Comunitario con Demanda Horaria);0;0;0;0;0;0;0;0;0;4;171.94;14,347.10;0;0;0;0;0;0;0;0;0;0;0;0;0;0;0;0;0;0;2;40.1;3,553.34,,,,,,,,,,,,,,,,,,,,,,,,,,,,,,,,,,,,,,,,,
Ago;General;Baja;Otros;Privado;BTCGCD41 (BT / Vehículos Eléctricos con Demanda Horaria);1;0.96;80.97;2;0.75;89.12;0;0;0;71;41.79;3,731.85;67;18.83;3,184.45;0;0;0;8;2.51;319.32;1;1.12;81.09;0;0;0;2;0.42;53.28;0;0;0,,,,,,,,,,,,,,,,,,,,,,,,,,,,,,,,,,,,,,,,,
Ago;General;Media;Otros;Privado;MTCGCD05 (MT / Abonados Especiales con Demanda);0;0;0;0;0;0;0;0;0;0;0;0;0;0;0;0;0;0;1;0.53;73.27;0;0;0;0;0;0;0;0;0;0;0;0,,,,,,,,,,,,,,,,,,,,,,,,,,,,,,,,,,,,,,,,,,,
Ago;General;Media;Otros;Privado;MTCGCD06 (MT / Abonados Especiales con Demanda Horaria);0;0;0;0;0;0;0;0;0;0;0;0;0;0;0;0;0;0;0;0;0;0;0;0;0;0;0;0;0;0;0;0;0,,,,,,,,,,,,,,,,,,,,,,,,,,,,,,,,,,,,,,,,,,,
Ago;General;Media;Otros;Privado;MTCGCD30 (MT / Bombeo de agua comunidades campesinas);0;0;0;0;0;0;0;0;0;2;0.37;16.17;19;34.72;1,401.99;0;0;0;0;0;0;0;0;0;21;47.31;1,907.02;0;0;0;0;0;0,,,,,,,,,,,,,,,,,,,,,,,,,,,,,,,,,,,,,,,,,
Ago;General;Media;Otros;Privado;MTCGCD11 (MT / Bombeo de Agua con Demanda);0;0;0;64;36.1;3,904.65;19;65.25;6,070.00;91;2,381.52;164,365.57;365;2,832.88;235,414.91;59;367.74;33,879.18;187;1,040.24;86,888.73;60;7,626.60;558,605.20;215;4,377.91;329,588.94;60;446.48;35,478.63;0;0;0,,,,,,,,,,,,,,,,,,,,,,,,,,,,,
Ago;General;Media;Otros;Privado;MTCGCD12 (MT / Bombeo de Agua con Demanda Horaria);0;0;0;339;8,619.30;628,899.36;4;68.63;5,841.42;53;3,651.65;214,857.59;30;1,247.66;95,857.30;11;734.93;59,105.37;23;622.55;44,269.89;45;6,506.11;442,521.24;20;1,943.76;112,590.83;32;230.23;16,996.59;0;0;0,,,,,,,,,,,,,,,,,,,,,,,,,,,,,
Ago;General;Media;Comercial;Privado;MTCGCD01 (MT / Comercial con Demanda);185;345.19;40,689.40;766;915.2;105,378.44;472;1,821.96;216,898.09;1,689;25,581.20;2,702,123.66;1,539;12,038.60;1,410,923.65;667;2,343.65;286,118.70;1,971;6,705.65;800,123.85;461;3,229.51;373,640.25;453;3,455.41;402,981.94;798;3,144.84;375,969.01;0;0;0,,,,,,,,,,,,,,,,,,,,
Ago;General;Media;Comercial;Privado;MTCGCD02 (MT / Comercial con Demanda Horaria);0;0;0;574;5,941.47;620,406.59;37;856.07;89,157.55;543;20,442.33;1,977,217.62;90;2,817.86;295,875.76;39;483.11;50,356.88;450;9,989.94;1,28,482.86;32;1,925.64;195,858.45;5;507.59;50,924.59;206;5,027.17;511,608.13;9;376.81;38,9.56,,,,,,,,,,,,,,,,,,,,,,,,,
Ago;General;Media;Otros;Privado;MTCGCD33 (MT / Culto Religioso con Demanda);2;1.24;120.97;31;46.72;5,071.09;4;6.6;644.9;44;146.78;14,311.83;48;197.93;19,094.65;26;35.56;4,208.40;41;56.08;5,779.74;12;27.07;3,210.61;4;4.9;605.53;14;18.87;2,051.77;0;0;0,,,,,,,,,,,,,,,,,,,,,,,,,,,,,,,,,,,,
Ago;General;Media;Otros;Privado;MTCGCD15 (MT / Escenarios Deportivos con Demanda);2;0.41;114.8;9;7.01;737.92;0;0;0;31;417.68;38,615.30;8;41.67;4,209.81;7;17.91;1,990.22;5;5.27;4,110.93;2;1.62;221.98;0;0;0;0;0;0;0;0;0,,,,,,,,,,,,,,,,,,,,,,,,,,,,,,,,,,,,,,,
Ago;General;Media;Otros;Privado;MTCGCD16 (MT / Escenarios Deportivos con Demanda Horaria);0;0;0;4;17.12;1,822.93;0;0;0;4;87.15;8,446.75;0;0;0;0;0;0;1;3.75;1,105.09;0;0;0;0;0;0;0;0;0;0;0;0,,,,,,,,,,,,,,,,,,,,,,,,,,,,,,,,,,,,,,,,
Ago;General;Media;Otros;Privado;MTCGCD25 (MT / Estación de Carga Rápida con Demanda Horaria Diferenciada);0;0;0;0;0;0;0;0;0;5;264.79;16,485.45;2;101.4;6,679.00;0;0;0;2;0.39;169.15;0;0;0;0;0;0;0;0;0;0;0;0,,,,,,,,,,,,,,,,,,,,,,,,,,,,,,,,,,,,,,,,,
Ago;General;Media;Industrial;Privado;MTCGCD03 (MT / Industrial con Demanda);21;31.79;4,445.81;182;160.7;20,479.27;41;108.51;14,757.87;246;7,661.51;780,212.64;382;7,398.45;864,929.59;46;111.79;18,145.42;18;94.61;12,363.87;51;522.16;61,824.50;44;1,185.53;138,363.93;82;293.75;41,764.92;0;0;0,,,,,,,,,,,,,,,,,,,,,,,,,,,,,,
Ago;General;Media;Industrial;Privado;MTCGCD32 (MT / Industrial con Demanda Horaria Diferenciada);0;0;0;518;36,026.01;3,545,693.85;38;4,024.56;394,844.55;515;45,149.78;4,50,496.35;207;19,884.04;1,982,700.67;84;3,463.69;353,696.44;114;20,763.38;2,45,551.42;51;4,979.36;520,096.63;28;2,167.15;214,393.56;114;7,016.70;684,656.82;43;3,490.11;336,537.37,,,,,,,,,,,,,,,,,,,
Ago;General;NO APLICA;Industrial;Privado;REFACTIN (Industrial / Refacturaciones y Reliquidaciones);0;0;0;0;0;0;0;13.03;-142.51;0;0;0;0;0;0;0;0;0;0;0;0;0;0;0;0;0;0;0;0;0;0;0;-915.91,,,,,,,,,,,,,,,,,,,,,,,,,,,,,,,,,,,,,,,,,,,
Ago;General;Media;Otros;Privado;MTCGCD36 (MT / Autoconsumo con Demanda Horaria);0;0;0;0;0;0;0;0;0;0;0;0;0;0;0;0;0;0;0;0;0;0;0;0;0;0;0;0;0;0;0;0;0,,,,,,,,,,,,,,,,,,,,,,,,,,,,,,,,,,,,,,,,,,,
Ago;General;Media;Otros;Privado;MTCGCD37 (MT / Autoconsumo con Demanda);0;0;0;0;0;0;0;0;0;0;0;0;0;0;0;0;0;0;0;0;0;0;0;0;0;0;0;0;0;0;0;0;0,,,,,,,,,,,,,,,,,,,,,,,,,,,,,,,,,,,,,,,,,,,
Ago;General;Media;Otros;Privado;MTCGCD07 (MT / Asistencia Social con Demanda);0;0;0;1;1.11;101.35;8;28.47;2,461.31;105;842.94;64,695.13;10;82.7;6,462.32;8;43.16;3,614.79;10;36.45;2,814.18;0;0;0;2;6.29;512.68;0;0;0;0;0;0,,,,,,,,,,,,,,,,,,,,,,,,,,,,,,,,,,,,,,
Ago;General;Media;Otros;Privado;MTCGCD08 (MT / Asistencia Social con Demanda Horaria);0;0;0;4;84.27;5,822.54;1;20.31;1,352.44;36;3,927.17;241,331.03;0;0;0;1;19.17;1,314.64;7;734.85;48,580.81;0;0;0;0;0;0;0;0;0;0;0;0,,,,,,,,,,,,,,,,,,,,,,,,,,,,,,,,,,,,,
Ago;General;Media;Otros;Privado;MTCGCD09 (MT / Beneficio Público con Demanda);0;0;0;0;0;0;5;10.79;923.8;3;9.83;727.46;1;7.59;676.45;2;17.01;1,341.20;4;11.9;1,030.73;1;16.52;1,459.30;3;15.37;1,257.04;0;0;0;0;0;0,,,,,,,,,,,,,,,,,,,,,,,,,,,,,,,,,,,,,,,
Ago;General;Media;Otros;Privado;MTCGCD10 (MT / Beneficio Público con Demanda Horaria);0;0;0;0;0;0;0;0;0;0;0;0;0;0;0;0;0;0;0;0;0;0;0;0;0;0;0;0;0;0;0;0;0,,,,,,,,,,,,,,,,,,,,,,,,,,,,,,,,,,,,,,,,,,,
Ago;General;Media;Otros;Privado;MTCGCD19 (MT / Otros con Demanda);0;0;0;0;0;0;0;0;0;0;0;0;0;0;0;0;0;0;0;0;0;0;0;0;0;0;0;0;0;0;0;0;0,,,,,,,,,,,,,,,,,,,,,,,,,,,,,,,,,,,,,,,,,,,
Ago;General;NO APLICA;Comercial;Privado;REFACTCO (Comercial / Refacturaciones y Reliquidaciones);0;0;0;0;0;0;0;-8.05;-2,912.69;0;0;0;0;0;0;0;0;0;0;0;0;0;0;0;0;0;0;0;0;0;0;1.56;-4,893.88,,,,,,,,,,,,,,,,,,,,,,,,,,,,,,,,,,,,,,,,,
Ago;General;Media;Otros;Privado;MTCGCD35 (MT / Servicio Comunitario con Demanda);0;0;0;8;6.85;639.86;32;98.28;9,086.18;140;1,913.14;145,881.57;161;936.09;87,546.78;1;0.82;92.36;63;193.75;17,938.02;0;0;0;11;35.94;3,718.67;0;0;0;0;0;0,,,,,,,,,,,,,,,,,,,,,,,,,,,,,,,,,,,,,
Ago;General;Media;Otros;Privado;MTCGCD34 (MT / Servicio Comunitario con Demanda Horaria);0;0;0;0;0;0;0;0;0;41;1,207.59;85,335.43;0;0;0;0;0;0;4;22.1;1,782.95;0;0;0;0;0;0;0;0;0;0;0;0,,,,,,,,,,,,,,,,,,,,,,,,,,,,,,,,,,,,,,,,
Ago;General;Alta;Otros;Privado;ATCGCD03 (AT / Abonados Especiales con Demanda Horaria);0;0;0;0;0;0;0;0;0;0;0;0;0;0;0;2;0.13;275.71;0;0;0;0;0;0;0;0;0;0;0;0;0;0;0,,,,,,,,,,,,,,,,,,,,,,,,,,,,,,,,,,,,,,,,,,,
Ago;General;Alta;Otros;Privado;ATCGCD04 (AT / Bombeo de Agua con Demanda Horaria);0;0;0;0;0;0;0;0;0;3;6,138.51;322,316.14;3;11,623.50;685,030.13;0;0;0;0;0;0;5;12,708.54;781,002.36;1;3,015.60;200,132.44;0;0;0;0;0;0,,,,,,,,,,,,,,,,,,,,,,,,,,,,,,,,,,,
Ago;General;Alta;Otros;Privado;ATCGCD16 (AT / Estación de Carga Rápida con Demanda Horaria Diferenciada);0;0;0;0;0;0;0;0;0;0;0;0;0;0;0;0;0;0;0;0;0;0;0;0;0;0;0;0;0;0;0;0;0,,,,,,,,,,,,,,,,,,,,,,,,,,,,,,,,,,,,,,,,,,,
Ago;General;Alta;Industrial;Privado;ATCGCD07 (AT / Industrial con Demanda Horaria Diferenciada);0;0;0;2;678.93;62,483.11;0;0;0;35;55,721.54;4,610,878.95;26;25,805.70;2,398,821.30;0;0;0;4;4,713.79;425,274.43;9;17,394.76;1,602,918.76;1;70.35;6,300.49;3;2,770.68;256,580.13;0;0;0,,,,,,,,,,,,,,,,,,,,,,,,,,,,
Ago;General;NO APLICA;Otros;Privado;REFACTOT (Otros / Refacturaciones y Reliquidaciones);0;0;0;0;0;0;0;-19.25;-10,576.42;0;0;0;0;0.35;35.74;0;0;0;0;0;0;0;0;0;0;0;0;0;0;0;0;3.05;59,354.06,,,,,,,,,,,,,,,,,,,,,,,,,,,,,,,,,,,,,,,,,
Ago;General;Alta;Otros;Privado;ATCGCD08 (AT / Servicio Comunitario con Demanda Horaria);0;0;0;0;0;0;0;0;0;2;1,034.08;68,320.22;0;0;0;0;0;0;0;0;0;0;0;0;0;0;0;0;0;0;0;0;0,,,,,,,,,,,,,,,,,,,,,,,,,,,,,,,,,,,,,,,,,
Ago;General;Alta;Otros;Privado;ATCGCD12 (AT / Autoconsumo con Demanda Horaria);0;0;0;0;0;0;0;0;0;0;0;0;0;0;0;0;0;0;0;0;0;0;0;0;0;0;0;0;0;0;0;0;0,,,,,,,,,,,,,,,,,,,,,,,,,,,,,,,,,,,,,,,,,,,
Ago;General;Alta;Otros;Privado;ATCGCD05 (AT / Otros con Demanda Horaria);0;0;0;0;0;0;0;0;0;0;0;0;0;0;0;0;0;0;0;0;0;0;0;0;0;0;0;0;0;0;0;0;0,,,,,,,,,,,,,,,,,,,,,,,,,,,,,,,,,,,,,,,,,,,
Ago;General;Alta;Comercial;Privado;ATCGCD09 (AT / Comercial con Demanda Horaria);0;0;0;1;488.11;49,231.12;0;0;0;7;3,789.85;341,657.85;6;4,465.96;440,493.80;1;572.29;55,769.09;0;0;0;0;0;0;0;0;0;1;511;49,708.41;0;0;0,,,,,,,,,,,,,,,,,,,,,,,,,,,,,,,,,,,,
Ago;General;Alta;Otros;Privado;ATCGCD11 (AT / Escenarios Deportivos con Demanda Horaria);0;0;0;0;0;0;0;0;0;0;0;0;0;0;0;0;0;0;0;0;0;0;0;0;0;0;0;0;0;0;0;0;0,,,,,,,,,,,,,,,,,,,,,,,,,,,,,,,,,,,,,,,,,,,
Ago;General;Alta;Industrial;Privado;EATCGCD1 (AT / Industrial con Demanda Horaria Diferenciada - AT1);0;0;0;0;0;0;0;0;0;0;0;0;0;0;0;0;0;0;0;0;0;1;13,518.89;1,126,772.02;0;0;0;0;0;0;0;0;0,,,,,,,,,,,,,,,,,,,,,,,,,,,,,,,,,,,,,,,,
